geometry,leisure,name,addr:city,addr:postcode,addr:street,survey:date,created_by,name:etymology:wikidata,operator,description,opening_hours,name:mr,playground,tourism,wikipedia,barrier,dog,ele,official_name,smoking,landuse,name:ur,surface,access,note,addr:district,type,Latitude,Longitude,Region
POINT (79.046496 21.128526),park,Krazy Castle Amusement Park,,,,,,,,,,,,,,,,,,,,,,,,,,21.128525800000002,79.0464959,West
POINT (79.037617 21.113901),park,Joggers Park,,,,,,,,,,,,,,,,,,,,,,,,,,21.11390099999999,79.0376166,West
POINT (79.0363 21.117715),park,NIT Garden,,,,,,,,,,,,,,,,,,,,,,,,,,21.117715399999998,79.0363002,West
POINT (79.023958 21.11143),park,Buddha Murti Park,,,,,,,,,,,,,,,,,,,,,,,,,,21.1114302,79.0239585,West
POINT (79.052718 21.10945),park,Ravindra Nagar Garden,,,,,,,,,,,,,,,,,,,,,,,,,,21.109449799999997,79.0527176,South
POINT (79.05132 21.108244),park,Walkers Park,,,,,,,,,,,,,,,,,,,,,,,,,,21.1082442,79.0513205,South
POINT (79.053474 21.114005),park,Rotari Bal Udyan,,,,,,,,,,,,,,,,,,,,,,,,,,21.114005199999998,79.0534735,West
POINT (79.068457 21.096161),park,,,,,,,,,,,,,,,,,,,,,,,,,,,21.0961608,79.0684567,South
POINT (79.07019 21.11836),park,Dev Nagar Ground,,,,,,,,,,,,,,,,,,,,,,,,,,21.118359499999997,79.0701897,Central
POINT (79.096862 21.124946),park,Medico Park,,,,,,,,,,,,,,,,,,,,,,,,,,21.124945899999997,79.0968623,Central
POINT (79.067397 21.111941),park,Joggers Park,Nagpur,440015,"Sawarkar Nagar, Vivekanand Nagar",,,,,,,,,,,,,,,,,,,,,,,21.111940899999997,79.067397,South
POINT (79.078377 21.106676),park,NIT park Narendra nagar,,,,,,,,,,,,,,,,,,,,,,,,,,21.1066763,79.0783769,South
POINT (79.133528 21.125409),park,NIT Swing Park,,,,,,,,,,,,,,,,,,,,,,,,,,21.125408699999998,79.1335283,East
POINT (79.133424 21.12407),park,Jain Mandir Park,,,,,,,,,,,,,,,,,,,,,,,,,,21.124070099999994,79.1334237,East
POINT (79.102387 21.095509),park,,,,,2019-11-12,,,,,,,,,,,,,,,,,,,,,,21.095509199999995,79.1023871,South
POINT (79.083282 21.166013),park,Mangalwari Park,,,,,,,,,,,,,,,,,,,,,,,,,,21.166012799999997,79.0832822,Central
POINT (79.080706 21.150086),park,Zero mile park,,,,,,,,,,,,,,,,,,,,,,,,,,21.150086099999996,79.0807065,Central
POINT (79.12458 21.183105),park,shivaji park,,,,,,,,,,,,,,,,,,,,,,,,,,21.183105000000005,79.1245803,North
POINT (79.122784 21.160776),park,,,,,,,,,,,,,,,,,,,,,,,,,,,21.160776199999997,79.1227835,Central
POINT (79.052088 21.10204),park,Sahakar Nagar Lake View Garden,,,,,,,,,,,,,,,,,,,,,,,,,,21.102040400000003,79.05208840000002,South
"POLYGON ((79.043206 21.156988, 79.042992 21.15658, 79.042194 21.156364, 79.041619 21.15682, 79.04119 21.157533, 79.040846 21.157909, 79.040529 21.158013, 79.040331 21.157989, 79.040331 21.157781, 79.040683 21.156988, 79.040632 21.1565, 79.040554 21.15626, 79.039979 21.155956, 79.039181 21.15594, 79.038249 21.156123, 79.038068 21.156518, 79.037027 21.155886, 79.034829 21.156969, 79.035076 21.15982, 79.037908 21.1599, 79.038144 21.15903, 79.040569 21.15902, 79.040569 21.159328, 79.041452 21.159375, 79.041784 21.159638, 79.042318 21.160586, 79.042593 21.160428, 79.043015 21.160221, 79.042666 21.159435, 79.04272 21.15904, 79.043492 21.157185, 79.043124 21.157494, 79.043206 21.156988))",park,Satpuda Botanical Garden,,,,,,,,,,सातपुडा वनस्पती उद्यान,,,,,,,,,,,,,,,multipolygon,21.157970072156495,79.03886494787132,West
"POLYGON ((79.081579 21.134226, 79.082021 21.135518, 79.080861 21.135863, 79.08042 21.134571, 79.081579 21.134226))",park,Dhantoli Park,,,,,Potlatch 0.10b,,,,,,,,,,,,,,,,,,,,,21.135044300280548,79.08122024941014,Central
"POLYGON ((79.081189 21.108518, 79.081434 21.108883, 79.0812 21.109008, 79.081518 21.10953, 79.082374 21.109125, 79.083175 21.108836, 79.082815 21.107891, 79.081189 21.108518))",park,Mahatma Phule Park,Nagpur,,Suyog Nagar,,,Q314394,Nagpur Improvement Trust,,,,,,,,,,,,,,,,,,,21.108698515524146,79.08215736560572,South
"POLYGON ((79.056304 21.126792, 79.057034 21.127072, 79.057351 21.126256, 79.056639 21.125992, 79.056304 21.126792))",park,,Nagpur,440010,,,,,,Local park and Basketball training area,,,,,,,,,,,,,,,,,,21.126530250051903,79.05683198957338,Central
"POLYGON ((79.058574 21.128548, 79.059489 21.128826, 79.060031 21.127532, 79.059094 21.127241, 79.058897 21.127724, 79.058574 21.128548))",park,,,,,,,,,Park with basketball ground and walking and seating area,sunrise-sunset,,,,,,,,,,,,,,,,,21.128033172929666,79.05929667713445,Central
"POLYGON ((79.10482 21.152455, 79.104571 21.150862, 79.105991 21.150596, 79.106268 21.152408, 79.10482 21.152455))",park,Gandhibag Udyan,,,,,,,,,,गांधीबाग उद्यान,,,,,,,,,,,,,,,,21.151577959671744,79.10542782133841,Central
"POLYGON ((79.101636 21.131918, 79.102356 21.131722, 79.102286 21.131097, 79.101473 21.131313, 79.101636 21.131918))",park,Ramabai Ambedkar Park,,,,,,Q19812241,,,,,,,,,,,,,,,,,,,,21.131506639457612,79.10193615296447,Central
"POLYGON ((79.114213 21.11998, 79.115129 21.120068, 79.116041 21.120068, 79.116102 21.12016, 79.116186 21.120599, 79.116293 21.120979, 79.114212 21.121184, 79.114188 21.121012, 79.114275 21.121009, 79.114265 21.120954, 79.114335 21.120944, 79.11444 21.120859, 79.114477 21.120594, 79.114576 21.120511, 79.114539 21.120426, 79.114362 21.120344, 79.114158 21.120339, 79.114213 21.11998))",park,Sakkardara Garden,,,,,,,,,,,,,,,,,,,,,,,,,,21.120570391614176,79.11521358436964,Central
"POLYGON ((79.111273 21.139912, 79.111886 21.13984, 79.111894 21.139735, 79.112081 21.139735, 79.112081 21.139645, 79.111772 21.139666, 79.111794 21.139148, 79.111607 21.139141, 79.111472 21.13919, 79.111353 21.139051, 79.111271 21.139053, 79.11116 21.139393, 79.111047 21.139519, 79.111146 21.139635, 79.111226 21.139768, 79.111273 21.139912))",park,Khode Udyan,,,,,,,,,,,,,,,,,,,,,,,,,,21.13951839034678,79.11149919309352,Central
"POLYGON ((79.110501 21.1393, 79.110625 21.139285, 79.11076 21.139141, 79.110953 21.138899, 79.110849 21.138794, 79.110449 21.138804, 79.110443 21.139004, 79.110471 21.139166, 79.110485 21.139215, 79.110501 21.1393))",park,Tulsi Udyan,,,,,,,,,,,,,,,,,,,,,,,,,,21.13900295894327,79.11065111529668,Central
"POLYGON ((79.145312 21.154601, 79.147527 21.154681, 79.147565 21.153011, 79.145381 21.152931, 79.145312 21.154601))",park,Lata Mangeshkar Udyan,,,,,,Q156347,,,,,,,,,,,,,,,,,,,,21.15380796561112,79.14644618622813,East
"POLYGON ((79.046607 21.108341, 79.046445 21.107705, 79.047068 21.107435, 79.047336 21.108501, 79.047025 21.108546, 79.046876 21.108564, 79.046799 21.108425, 79.046687 21.108368, 79.046607 21.108341))",park,Aaji Ajoba Park - Deendayal Nagar Garden,,,,,,,,,,,,,,,,,,,,,,,,,,21.108030555794784,79.04689924914094,West
"POLYGON ((79.047328 21.109829, 79.047147 21.109117, 79.047534 21.109031, 79.047715 21.109744, 79.047328 21.109829))",park,Deendayal Nagar Park,,,,,,,,,,,play area,,,,,,,,,,,,,,,21.10943019985695,79.04743129979059,West
"POLYGON ((79.074452 21.145071, 79.077094 21.144208, 79.077955 21.14397, 79.079719 21.143516, 79.079719 21.143226, 79.079334 21.143226, 79.079138 21.143195, 79.078698 21.143378, 79.078469 21.143346, 79.078274 21.143174, 79.077854 21.142855, 79.077183 21.14237, 79.076378 21.1423, 79.075535 21.14243, 79.075117 21.142749, 79.073825 21.143144, 79.074047 21.143901, 79.074251 21.144091, 79.074389 21.14422, 79.074579 21.14448, 79.074623 21.144746, 79.074452 21.145071))",park,Maharaj Bagh,,,,,,,,,,,,zoo,en:Maharajbagh zoo,,,,,,,,,,,,,21.143520299210017,79.07625456118515,Central
"POLYGON ((79.055435 21.138849, 79.05659 21.137851, 79.056027 21.137292, 79.055312 21.137, 79.054948 21.137884, 79.054997 21.138364, 79.055435 21.138849))",park,Shivaji Nagar Park,,,,,,,,,,,,,,,,,,,,,,,,,,21.137892129787417,79.05563351423973,Central
"POLYGON ((79.053017 21.122026, 79.052916 21.121432, 79.052306 21.121522, 79.052406 21.122116, 79.053017 21.122026))",park,Maharashtra Remote Sensing Application Center (MRSAC),,,,,,,,,,,,,,,,,,,,,,,,,,21.121774377670633,79.05266144181253,West
"POLYGON ((79.046226 21.128779, 79.047092 21.128667, 79.046757 21.128322, 79.04674 21.128185, 79.045777 21.127256, 79.045532 21.127019, 79.04536 21.127157, 79.045893 21.12813, 79.046134 21.128795, 79.046179 21.128794, 79.046226 21.128779))",park,Krazy Casle amusement Park,,,,,,,,,,,,,,,,,,,,,,,,,,21.128056974361797,79.04617923204222,West
"POLYGON ((79.118314 21.129142, 79.11752 21.129158, 79.117509 21.128698, 79.118303 21.128682, 79.118314 21.129142))",park,Green Gym,,,,,,,,,,,,,,,,,,,,,,,,,,21.128919825767454,79.11791138557321,Central
"POLYGON ((79.117843 21.135884, 79.11871 21.135878, 79.118716 21.135045, 79.118532 21.135045, 79.118404 21.135135, 79.118342 21.135057, 79.117842 21.135059, 79.117843 21.135884))",park,Trishatabdi Park,Nagpur,,,,,,Nagpur Improvement Trust,,,,,,,wall,,,,,,,,,,,,21.135471118504658,79.1182767297715,Central
"POLYGON ((79.140503 21.146602, 79.141704 21.146597, 79.14171 21.147448, 79.140572 21.147448, 79.140503 21.146602))",park,,,,,,,,,,,,,,,,,,,,,,,,,,,21.147019981435616,79.14112288641535,East
"POLYGON ((79.05146 21.154947, 79.050898 21.154439, 79.049716 21.154456, 79.048743 21.15445, 79.04865 21.154471, 79.048701 21.155884, 79.049793 21.155942, 79.051094 21.155648, 79.051572 21.155072, 79.05146 21.154947))",park,Telankhedi Garden,,,,,,,,,,,,,,,,,,,,,,,,,,21.15514953843316,79.0499428310494,West
"POLYGON ((79.066408 21.120159, 79.068314 21.120266, 79.068319 21.120828, 79.066446 21.121385, 79.066429 21.120805, 79.066408 21.120159))",park,,,,,,,,,,,,,,,,,,,,,,,,,,,21.120672569858208,79.0672550790817,Central
"POLYGON ((79.037008 21.1148, 79.038297 21.114238, 79.037957 21.113583, 79.038493 21.1134, 79.038425 21.113186, 79.037037 21.113408, 79.036782 21.113368, 79.036798 21.113535, 79.036508 21.113811, 79.036709 21.114224, 79.037008 21.1148))",park,,,,,,,,,,,,,,,,,,,,,,,,,,,21.11393133777993,79.03743628289673,West
"POLYGON ((79.093192 21.164016, 79.094372 21.164083, 79.094368 21.164115, 79.094295 21.164826, 79.093133 21.164742, 79.093192 21.164016))",park,Railway Football Stadium,,,,,,,,,,,,,,,,,,,,,,,,,,21.16441626443451,79.09375016127615,Central
"POLYGON ((79.045636 21.135237, 79.044579 21.135017, 79.044375 21.134612, 79.043592 21.13473, 79.043418 21.134627, 79.043083 21.134502, 79.042915 21.134547, 79.042872 21.134401, 79.042912 21.133892, 79.042999 21.133595, 79.043239 21.133206, 79.043475 21.132897, 79.043741 21.132683, 79.044047 21.132663, 79.044382 21.132731, 79.044558 21.132826, 79.0447 21.133078, 79.044862 21.133355, 79.04499 21.133424, 79.045012 21.133413, 79.045159 21.13334, 79.045246 21.1333, 79.045685 21.133028, 79.046747 21.132653, 79.046778 21.133169, 79.046622 21.133599, 79.046126 21.134467, 79.045636 21.135237))",park,Ambazari Garden,Nagpur,440010,,,,,,,sunrise-sunset,,,,,,leashed,350,आद्य क्रांतिगुरू लहुजी साळवे उद्यान,no,,,,,,,,21.133869088291288,79.04479657241002,West
"POLYGON ((79.048838 21.131928, 79.048919 21.133031, 79.048479 21.133018, 79.048155 21.132832, 79.04804 21.132054, 79.048838 21.131928))",park,,,,,,,,,,,,,,,,,,,,,,,,,,,21.132480981607905,79.04851008763505,West
"POLYGON ((79.112808 21.166979, 79.113274 21.16714, 79.113795 21.167319, 79.113709 21.166339, 79.112647 21.166199, 79.11136 21.165839, 79.11156 21.16748, 79.112295 21.167752, 79.112497 21.167825, 79.112808 21.166979))",park,Dr. Babashaheb Ambedkar Udhyan,Nagpur,440017,"Vaishali Nagar Rd, Vaishali Nagar",,,Q231690,,,,,,,,,,,,,,,,,,,,21.166781507825956,79.11243912667788,Central
"POLYGON ((79.101964 21.171636, 79.103337 21.171877, 79.103015 21.173257, 79.101631 21.172477, 79.101964 21.171636))",park,Buddhanagar Park ( Unit no. 2 ),,,,,,,,,,,,,,,,,,,,,,,,,,21.17234055161162,79.10253373885786,Central
"POLYGON ((79.118546 21.171244, 79.118756 21.172038, 79.119736 21.171752, 79.119486 21.171055, 79.118546 21.171244))",park,Anand Nagar Garden,,,,,,,,,,,,,,,,,,,,,,,,,,21.171528746396163,79.11912350857142,East
"POLYGON ((79.113054 21.118729, 79.112165 21.117742, 79.113069 21.117722, 79.113178 21.117838, 79.11358 21.11821, 79.114423 21.11906, 79.114438 21.119083, 79.114439 21.11913, 79.114379 21.119207, 79.114254 21.119322, 79.114038 21.119499, 79.113879 21.119551, 79.113707 21.119594, 79.113482 21.119586, 79.112983 21.119551, 79.113054 21.118729))",park,Sant Dnyaneshwar Park,Nagpur,440024,"Dattatray Nagar, Ayodhya nagar",,,Q1033695,,,,,,,,,,,,,,,,,,,,21.118704611691097,79.11338172516983,Central
"POLYGON ((79.069784 21.115868, 79.070644 21.11566, 79.07112 21.117076, 79.070279 21.116278, 79.069784 21.115868))",park,Vivekanand Nagar NIT Garden,,,,,,,,,,,,,,,,,,,,,,,,,,21.116193173495144,79.07052047074288,Central
"POLYGON ((79.05941 21.115775, 79.060414 21.11565, 79.060216 21.11496, 79.059428 21.115123, 79.059423 21.115662, 79.05941 21.115775))",park,Atrey Layout Ground,,,,,,,,,,,,,,,,,,,,,,,,,,21.11538795568577,79.05987928830278,South
"POLYGON ((79.10119 21.129183, 79.101594 21.128542, 79.102238 21.12848, 79.102297 21.129323, 79.101238 21.129596, 79.101152 21.129306, 79.10115 21.129261, 79.10116 21.12922, 79.10119 21.129183))",park,,,,,,,,,,,,,,,,,,,,,,,,,,,21.129037525039116,79.10176389200241,Central
"POLYGON ((79.114217 21.109835, 79.114794 21.11039, 79.115234 21.110005, 79.114459 21.109177, 79.114394 21.109227, 79.114161 21.10979, 79.114217 21.109835))",park,,,,,,,,,,,,,,,,,,,,,,,,,,,21.10981495389874,79.11465861617559,South
"POLYGON ((79.12107 21.109032, 79.120451 21.108416, 79.12155 21.108724, 79.121129 21.109094, 79.12107 21.109032))",park,,,,,,,,,,,,,,,,,,,,,,,,,,,21.10874407228585,79.12104421967165,South
"POLYGON ((79.11235 21.109908, 79.112863 21.1104, 79.113278 21.110015, 79.112565 21.109419, 79.11235 21.109908))",park,,,,,,,,,,,,,,,,,,,,,,,,,,,21.10993027360549,79.11277653513905,South
"POLYGON ((79.075679 21.137346, 79.07703 21.137772, 79.076586 21.136691, 79.076409 21.136631, 79.075824 21.136431, 79.075679 21.137346))",park,Dagdi Park,,,,,,,,,,दगडी पार्क,,,,,,,,,,,,,,,,21.13710595940967,79.07628407574532,Central
"POLYGON ((79.12355 21.124029, 79.122634 21.124146, 79.122574 21.123732, 79.12349 21.123615, 79.12355 21.124029))",park,,,,,,,,,,,,,,,,,,,,,,,,,,,21.123880450544274,79.12306185004927,East
"POLYGON ((79.075829 21.147878, 79.07653 21.148103, 79.076858 21.148228, 79.077067 21.148173, 79.077262 21.148074, 79.077278 21.147253, 79.076859 21.147093, 79.076403 21.147128, 79.076087 21.147213, 79.075824 21.147593, 79.075829 21.147878))",park,,,,,,,,,,,,,,,,,,,,recreation_ground,,,,,,,21.147633809185248,79.07661980063625,Central
"POLYGON ((79.101294 21.107378, 79.101787 21.107317, 79.10145 21.106122, 79.101316 21.106132, 79.101278 21.107107, 79.101294 21.107378))",park,,,,,,,,,,,,,,,,,,,,,,,,,,,21.10685440015631,79.10147095250845,South
"POLYGON ((79.095581 21.10993, 79.096487 21.10983, 79.096461 21.109524, 79.095839 21.109539, 79.095592 21.109579, 79.095581 21.10993))",park,,,,,,,,,,,,,,,,,,,,,,,,,,,21.109711687234,79.09601901836136,South
"POLYGON ((79.084244 21.124096, 79.085188 21.123723, 79.084992 21.123281, 79.084338 21.123535, 79.08403 21.123654, 79.084244 21.124096))",park,,,,,,,,,,,,,,,,,,,,,,,,,,,21.123688157662656,79.08461230493985,Central
"POLYGON ((79.068797 21.097186, 79.069778 21.097206, 79.069687 21.096966, 79.068797 21.097186))",park,,,,,,,,,,,,,,,,,,,,,,,,,,,21.097119167254863,79.06942086673469,South
"POLYGON ((79.115479 21.136692, 79.114074 21.136866, 79.114082 21.136413, 79.115446 21.136291, 79.115479 21.136692))",park,,,,,,,,,,,,,,,,,,,,,,,,,,,21.136567820821995,79.11475766414912,Central
"POLYGON ((79.071858 21.135287, 79.071725 21.136116, 79.069456 21.135635, 79.069397 21.135265, 79.071869 21.135212, 79.071858 21.135287))",park,Lendhra Park,Nagpur,440010,Ramdaspeth,,,,,,,,,,,,,,,,,,,,,,,21.13556894664151,79.07078250391599,Central
"POLYGON ((79.060648 21.164388, 79.060792 21.164378, 79.060849 21.16424, 79.06082 21.164159, 79.060768 21.163715, 79.060845 21.163701, 79.060925 21.163646, 79.060997 21.163624, 79.061011 21.163564, 79.060902 21.163497, 79.060816 21.163454, 79.06069 21.163287, 79.060831 21.163109, 79.060731 21.162941, 79.060632 21.162953, 79.060458 21.16331, 79.060443 21.16336, 79.060427 21.163416, 79.06032 21.163789, 79.060467 21.1642, 79.060648 21.164388))",park,,,,,,,,,,,,,,,,,,,,,,,,,,,21.16370536410374,79.06062768302053,Central
"POLYGON ((79.060787 21.164817, 79.060787 21.164602, 79.060804 21.164414, 79.060792 21.164378, 79.060648 21.164388, 79.060463 21.164196, 79.06032 21.163789, 79.060131 21.164544, 79.060716 21.164799, 79.060787 21.164817))",park,,,,,,,,,,,,,,,,,,,,,,,,,,,21.16441702603577,79.06045958184087,Central
"POLYGON ((79.060831 21.163109, 79.061138 21.163122, 79.061558 21.16327, 79.061621 21.16348, 79.061644 21.163594, 79.061547 21.163668, 79.061457 21.163669, 79.061458 21.163781, 79.061506 21.163836, 79.061491 21.164257, 79.061598 21.164274, 79.061594 21.164312, 79.061697 21.16435, 79.061693 21.164473, 79.061788 21.164478, 79.061793 21.164386, 79.061981 21.164373, 79.062242 21.164334, 79.061971 21.163408, 79.061663 21.163196, 79.061279 21.163004, 79.060893 21.162921, 79.060731 21.162941, 79.060831 21.163109))",park,,,,,,,,,,,,,,,,,,,,,,,,,,,21.163748014849034,79.06169972590368,Central
"POLYGON ((79.105876 21.164962, 79.106171 21.165062, 79.106281 21.165094, 79.106361 21.164907, 79.106415 21.164734, 79.106246 21.164674, 79.106249 21.164627, 79.106147 21.164599, 79.106147 21.164577, 79.106155 21.164547, 79.106037 21.164497, 79.105876 21.164962))",park,park of kd,,,,,,,,,,,,,,,,,,,,,,,,,,21.164821476480377,79.10614258907535,Central
"POLYGON ((79.066235 21.140557, 79.066999 21.141004, 79.067312 21.141122, 79.067719 21.140352, 79.067442 21.140132, 79.066312 21.139829, 79.06606 21.139757, 79.06569 21.139912, 79.06593 21.140242, 79.066076 21.140436, 79.066235 21.140557))",park,Children Traffic Park,,,,,,,,,,,,,,,,,,,,,,,,,,21.140375780703796,79.06677064330864,Central
"POLYGON ((79.098882 21.14711, 79.09894 21.147069, 79.098994 21.147, 79.099038 21.146896, 79.09906 21.146782, 79.099057 21.146705, 79.098942 21.146606, 79.098836 21.146591, 79.098743 21.146596, 79.098659 21.146634, 79.098585 21.146693, 79.098539 21.146774, 79.098514 21.146881, 79.098514 21.146962, 79.09852 21.147038, 79.098555 21.147097, 79.098632 21.14714, 79.098722 21.147148, 79.098749 21.147148, 79.098773 21.147214, 79.098801 21.147331, 79.098833 21.147498, 79.098839 21.147631, 79.098839 21.147717, 79.098975 21.147704, 79.098978 21.14759, 79.098959 21.147496, 79.098945 21.147394, 79.098896 21.147188, 79.098882 21.14711))",park,Bhauji Page Udyan,,,,,,,,,,,,,,,,,,,,,,,,,,21.147001620949858,79.09880309151224,Central
"POLYGON ((79.115666 21.168904, 79.115545 21.168495, 79.116173 21.16832, 79.116128 21.168863, 79.115666 21.168904))",park,NIT Park,Nagpur,440017,Vaishali Nagar,,,,,,,,,,,,,,,,,,,,,,,21.168630774202022,79.11588654440443,Central
"POLYGON ((79.057382 21.15178, 79.057354 21.151366, 79.058026 21.151211, 79.058134 21.151582, 79.057382 21.15178))",park,Ravi nagar park,,,,,,,,,,,,,,,,,,,,,,,,,,21.15148931633768,79.05772107712316,Central
"POLYGON ((79.059959 21.134569, 79.059981 21.134497, 79.060171 21.134025, 79.060298 21.133722, 79.060622 21.133809, 79.061191 21.133996, 79.060854 21.134963, 79.060838 21.134983, 79.060775 21.134968, 79.059959 21.134569))",park,Shankar Nagar Park,,,,,,,,,,,,,,,,,,,,,,,,,,21.134326062615234,79.0605806523891,Central
"POLYGON ((79.068623 21.153654, 79.069685 21.153484, 79.069631 21.154199, 79.069058 21.154009, 79.068623 21.153654))",park,Divisional Commissioner Office Compound,,,,,,,,,,,,,,,,,,,,,,,,,,21.153803210917584,79.06928404864885,Central
"POLYGON ((79.068666 21.15518, 79.06851 21.153754, 79.068816 21.153929, 79.069041 21.154209, 79.069192 21.154604, 79.069245 21.155175, 79.068666 21.15518))",park,Divisional Commissioner Office Compound,,,,,,,,,,,,,,,,,,,,,,,,,,21.154575566070516,79.06886198615501,Central
"POLYGON ((79.064121 21.161581, 79.064602 21.161259, 79.066327 21.161397, 79.066598 21.162041, 79.067486 21.162684, 79.068188 21.163903, 79.069088 21.164822, 79.06726 21.164429, 79.067154 21.163562, 79.065428 21.162317, 79.064121 21.161581))",park,Japenese Garden,,,,,,,,,,,,,,,,,,,meadow,جاپانی باغ,,,,,,21.162782157550847,79.06661933256873,Central
"POLYGON ((79.083501 21.131001, 79.084148 21.130935, 79.084012 21.130357, 79.083664 21.130383, 79.083422 21.130441, 79.083439 21.130795, 79.083501 21.131001))",park,Congress Nagar Park,,440012,,,,,,,,,,,,,,,,,,,,,,,,21.130683069146905,79.08376444278339,Central
"POLYGON ((79.107591 21.125904, 79.107299 21.125911, 79.107176 21.125918, 79.106905 21.125877, 79.106876 21.126073, 79.106637 21.126227, 79.107372 21.126479, 79.107591 21.125904))",park,Shahid Raju Shahu Park,,,,,,,,,,,,,,,,,,,,,,,,,,21.12614694579847,79.107166562215,Central
"POLYGON ((79.13339 21.125514, 79.133796 21.12608, 79.133835 21.126088, 79.133863 21.126058, 79.133802 21.125932, 79.133693 21.125709, 79.133596 21.125508, 79.133606 21.12544, 79.133496 21.125364, 79.13339 21.125514))",park,Park,,,,,,,,,,,,,,,,,,,,,,,,,,21.1256948274308,79.13361263911997,East
"POLYGON ((79.13292 21.126474, 79.133061 21.126398, 79.132897 21.126173, 79.132825 21.126181, 79.13292 21.126474))",park,Swing Park,,,,,,,,,,,,,,,,,,,,,,,,,,21.12632434288554,79.13293313742703,East
"POLYGON ((79.133473 21.12255, 79.133478 21.122313, 79.133674 21.122308, 79.133664 21.122612, 79.133473 21.12255))",park,Gadge Nagar Recreational Park,,,,,,,,,,,,,,,,,,,,,,,,,,21.122446105097026,79.13357625228983,East
"POLYGON ((79.071404 21.12184, 79.071988 21.121997, 79.072101 21.12168, 79.072026 21.121572, 79.071943 21.121527, 79.071522 21.121527, 79.071404 21.12184))",park,,,,,,,,,,,,,,,,,,,,,,,,,,,21.121734430387207,79.07177108710499,Central
"POLYGON ((79.075586 21.14386, 79.075558 21.143833, 79.075542 21.143803, 79.075546 21.143762, 79.07556 21.143725, 79.075592 21.143696, 79.075633 21.143681, 79.075688 21.14369, 79.075726 21.14373, 79.075754 21.143764, 79.07575 21.1438, 79.075739 21.143826, 79.075723 21.14385, 79.075692 21.143866, 79.075652 21.143873, 79.07562 21.143869, 79.075586 21.14386))",park,Elephant statue,,,,,,,,Black Elephant statue depicting the Maharaja's mode of transportation,,,,,,,,,,,,,grass,,,,,21.14377996329268,79.07564611752116,Central
"POLYGON ((79.076874 21.161736, 79.077004 21.162147, 79.075702 21.162361, 79.075624 21.162096, 79.07632 21.161893, 79.076874 21.161736))",park,Tuta Bagicha,,,,,,,,An open public playground on one end & a public garden park with benches on the other end.,,,,,,,,,,,,,,,,,,21.162074244793132,79.07634713584284,Central
"POLYGON ((79.113396 21.116682, 79.113565 21.116867, 79.113752 21.11671, 79.113576 21.116517, 79.113396 21.116682))",park,,,,,,,,,,,,,,,,,,,,,,,,,,,21.116693607198425,79.11357280291848,South
"POLYGON ((79.05142 21.121582, 79.051438 21.12171, 79.051547 21.122567, 79.05275 21.122323, 79.052867 21.122307, 79.053276 21.122219, 79.053201 21.121452, 79.052255 21.121521, 79.05142 21.121582))",park,VNIT Parking Garden,Nagpur,440010,,,,,VNIT,,Mo-Su 05:00-22:00,,,,,,leashed,,,no,,,,,,,,21.12195898722026,79.05232488132884,West
"POLYGON ((79.05133 21.121583, 79.051447 21.122587, 79.050872 21.122668, 79.050574 21.122696, 79.050236 21.12272, 79.049519 21.122811, 79.049486 21.121826, 79.049478 21.121707, 79.049633 21.121691, 79.05002 21.121644, 79.050462 21.121591, 79.05133 21.121583))",park,VNIT Main Gate Garden,Nagpur,440010,,,,,VNIT,,,,,,,,,,,,,,,,,,,21.122165886264423,79.05043338762172,West
"POLYGON ((79.062057 21.143519, 79.061954 21.143022, 79.061976 21.14302, 79.062068 21.143012, 79.063045 21.142923, 79.06302 21.142941, 79.06244 21.143352, 79.06219 21.143541, 79.062057 21.143519))",park,Trikoni Park,,,,,,,,,,,,,,,,,,,,,,,,,,21.143180568788353,79.06236197960774,Central
"POLYGON ((79.111279 21.109576, 79.111478 21.109571, 79.111737 21.108901, 79.111202 21.108968, 79.111279 21.109576))",park,Udaynagar Park,Nagpur,,,,,,Nagpur Muncipal Corpuration,,,,,,,,,,,,,,,,,,,21.109205340152812,79.11143198094862,South
"POLYGON ((79.114939 21.130428, 79.115093 21.130443, 79.115135 21.130404, 79.115026 21.130315, 79.114975 21.130313, 79.11485 21.130416, 79.114939 21.130428))",park,,,,,,,,,,,,,,,,,,,,,,,,,,,21.130385519682164,79.11500214746961,Central
"POLYGON ((79.117716 21.105476, 79.117898 21.105457, 79.117922 21.10521, 79.117965 21.104768, 79.117627 21.104731, 79.117675 21.105046, 79.117716 21.105476))",park,Bhagyashrinagar Park,,,,,,,Nagpur Improvement Trust,,,,,,,wall,,,,,,,,,,,,21.105071940850436,79.11780231772552,South
"POLYGON ((79.11782 21.10238, 79.118407 21.102372, 79.118509 21.10225, 79.118498 21.101864, 79.117795 21.10201, 79.11782 21.10238))",park,,,,,,,,,,,,,,,,,,,,,,,,,,,21.10214976306772,79.11816767491045,South
"POLYGON ((79.122646 21.107267, 79.12274 21.106787, 79.121991 21.106772, 79.121852 21.107129, 79.122224 21.107202, 79.122646 21.107267))",park,Mhalgi Nagar Park,,,,,,,,,,,,,,wall,,,,,,,,,,,,21.106995890457853,79.12232286619555,South
"POLYGON ((79.095759 21.102496, 79.096309 21.102456, 79.096266 21.102003, 79.095692 21.102123, 79.095759 21.102496))",park,,,,,,,,,,,,,,,,,,,,,,,,,,,21.102266491011633,79.09601504040488,South
"POLYGON ((79.094566 21.102601, 79.095054 21.102506, 79.094877 21.101983, 79.094402 21.102128, 79.094566 21.102601))",park,,,,,,,,,,,,,,,,,,,,,,,,,,,21.102303546297065,79.09472859532389,South
"POLYGON ((79.122128 21.105839, 79.122391 21.105846, 79.122456 21.105088, 79.12241 21.105091, 79.122208 21.105628, 79.122128 21.105839))",park,,,,,,,,,,,,,,,wall,,,,,,,,,,,,21.105555182891344,79.122325842419,South
"POLYGON ((79.122965 21.103688, 79.123188 21.103697, 79.123751 21.103718, 79.123758 21.103602, 79.123767 21.10344, 79.123438 21.103406, 79.123027 21.103363, 79.123001 21.1035, 79.122965 21.103688))",park,,,,,,,,,,,,,,,wall,,,,,,,,,,,,21.103553065237147,79.12336671914626,South
"POLYGON ((79.11463 21.105836, 79.115266 21.105818, 79.115261 21.105651, 79.114625 21.105669, 79.11463 21.105836))",park,,,,,,,,,,,,,,,,,,,,,,,,,,,21.105743702177772,79.11494533659136,South
"POLYGON ((79.100442 21.096509, 79.100928 21.096389, 79.100968 21.096341, 79.100777 21.095716, 79.100192 21.095866, 79.100375 21.096459, 79.100442 21.096509))",park,Shahu Nagar Park,,,,,,,,,,,,,,,,,,,,,,,,,,21.096117132422243,79.1005856791301,South
"POLYGON ((79.046541 21.103157, 79.045881 21.103244, 79.045845 21.103059, 79.045914 21.103052, 79.045904 21.102966, 79.046534 21.102885, 79.046541 21.103157))",park,Indraprasth Layout garden,Nagpur,440022,,,,,,,,,,,,,,,,,recreation_ground,,,,,,,21.103065941757897,79.04620647819456,South
"POLYGON ((79.061005 21.13762, 79.061076 21.137391, 79.061385 21.13748, 79.061346 21.137658, 79.061005 21.13762))",park,Khare Town Park,,,,,,,,,,,,,,,,,,,,,,,,,,21.13753670546581,79.06119521847852,Central
"POLYGON ((79.111636 21.098781, 79.111624 21.098601, 79.11223 21.098556, 79.112227 21.098759, 79.111636 21.098781))",park,,,,,,,,,,,,,,,,,,,,,,,,,,,21.09867339892921,79.11193487919549,South
"POLYGON ((79.118198 21.132148, 79.118662 21.132106, 79.118635 21.131458, 79.118101 21.131543, 79.118198 21.132148))",park,,,,,,,,,,,,,,,,,,,,,,,,,,,21.13180581511402,79.11840044961681,Central
"POLYGON ((79.121376 21.137903, 79.122226 21.137908, 79.122244 21.13706, 79.121885 21.13707, 79.121874 21.137461, 79.121373 21.137478, 79.121376 21.137903))",park,Nandanvan Layout Park,,,,,,,,,,,,,,fence,,,,,,,,,,,,21.137569636170884,79.12187585019122,Central
"POLYGON ((79.122959 21.130697, 79.123274 21.130951, 79.123884 21.131392, 79.124304 21.130931, 79.123404 21.130219, 79.122959 21.130697))",park,,,,,,,,,,,,,,,,,,,,,,,,,,,21.130809512808103,79.12363122538476,East
"POLYGON ((79.122347 21.13123, 79.122671 21.130898, 79.122299 21.130581, 79.121974 21.130914, 79.122347 21.13123))",park,,,,,,,,,,,,,,,,,,,,,,,,,,,21.1309056168173,79.12232284874752,Central
"POLYGON ((79.067268 21.112366, 79.068237 21.111989, 79.067952 21.111526, 79.066884 21.111851, 79.066665 21.111913, 79.066539 21.11198, 79.066615 21.11225, 79.067042 21.11209, 79.067118 21.11212, 79.067268 21.112366))",park,Excise Colony Park,,,,,,,,,,,,,,,,,,,,,,,,,,21.11195108217849,79.06744238892078,South
"POLYGON ((79.074312 21.172654, 79.074664 21.172567, 79.074641 21.172299, 79.074296 21.172321, 79.074312 21.172654))",park,,,,,,,,,,,,,,,,,,,,,,,,,,,21.172461761868085,79.07447204076041,Central
"POLYGON ((79.041364 21.107088, 79.04176 21.107022, 79.041682 21.106681, 79.041664 21.106656, 79.04164 21.106646, 79.041548 21.106661, 79.041301 21.106702, 79.041285 21.10671, 79.041288 21.106748, 79.041337 21.10703, 79.04134 21.107062, 79.04135 21.107079, 79.041364 21.107088))",park,,,,,,,,,,,,,,,,,,,,,,,,,,,21.106866972531666,79.0415153721514,West
"POLYGON ((79.110413 21.184308, 79.111251 21.18424, 79.110413 21.1837, 79.110413 21.184308))",park,,,,,,,,,,,,,,,,,,,,,,,,,,,21.184082533777637,79.11069253301899,North
"POLYGON ((79.148754 21.154475, 79.148136 21.154452, 79.148128 21.155131, 79.148754 21.154475))",park,,,,,,,,,,,,,,,,,,,,,,,,,,,21.154686200281862,79.14833973364027,East
"POLYGON ((79.043849 21.173595, 79.043283 21.174352, 79.043432 21.174596, 79.043505 21.174724, 79.043526 21.174924, 79.043564 21.174952, 79.04363 21.174964, 79.04371 21.174957, 79.04376 21.174933, 79.043757 21.174823, 79.043752 21.17475, 79.043771 21.174706, 79.044156 21.174572, 79.044484 21.174433, 79.045218 21.174211, 79.04523 21.174143, 79.045199 21.174097, 79.044932 21.173914, 79.044314 21.173586, 79.044258 21.173569, 79.044187 21.173597, 79.044132 21.173694, 79.044088 21.173709, 79.044022 21.173668, 79.043925 21.173606, 79.043849 21.173595))",park,,,,,,,,,,,,,,,,,,,,,,,,,,,21.17417791478219,79.04413430102367,West
"POLYGON ((79.116414 21.13574, 79.116354 21.135031, 79.116492 21.135017, 79.116605 21.135718, 79.116414 21.13574))",park,,,,,,,,,,,,,,,,,,,,,,,,,,,21.13539571088497,79.11646878450107,Central
"POLYGON ((79.09058 21.184249, 79.090559 21.18443, 79.090475 21.184595, 79.090336 21.184724, 79.090174 21.184798, 79.089994 21.184821, 79.089816 21.184791, 79.089657 21.184712, 79.089532 21.18459, 79.089454 21.184438, 79.08943 21.18427, 79.089463 21.184104, 79.089559 21.183946, 79.089707 21.183826, 79.089889 21.183759, 79.090084 21.183753, 79.090271 21.183808, 79.090426 21.183919, 79.090534 21.184072, 79.09058 21.184249))",park,Dayanand Park,,,,,,,,,,,,,,,,,,,,,,,,,,21.184284874126543,79.09000501364056,North
"POLYGON ((79.107926 21.113877, 79.107917 21.113709, 79.10826 21.11371, 79.108259 21.113859, 79.107926 21.113877))",park,Gadewar lawn,,,,,,,,,,,,,,,,,,,,,,,,,,21.11378862271589,79.10808685646731,South
"POLYGON ((79.117945 21.13766, 79.117605 21.137664, 79.117477 21.136558, 79.117926 21.13656, 79.117945 21.13766))",park,"NMC, Ground",Nagpur,440009,Nandanvan Main Road,,,,,,24/7,,,,,,,,,,,,,,,,,21.137085277900503,79.11773638517435,Central
"POLYGON ((79.107119 21.143613, 79.107114 21.143344, 79.10742 21.143326, 79.107433 21.143589, 79.107119 21.143613))",park,mahal,Nagpur,440032,Kelibag Road,,,,,,sunrise-sunset,,,,,,,,,,,,,,,,,21.143468320176936,79.10727102116454,Central
"POLYGON ((79.09549 21.133252, 79.095466 21.13325, 79.095467 21.133235, 79.095326 21.133226, 79.095336 21.133096, 79.095501 21.133108, 79.09549 21.133252))",park,,,,,,,,,,,,,,,,,,,,,,,,,,,21.13316798706507,79.09541446622326,Central
"POLYGON ((79.036865 21.174577, 79.036955 21.175115, 79.037328 21.175053, 79.037262 21.174683, 79.036865 21.174577))",park,,Nagpur,440013,Katol Road,,,,,,,,,,,,yes,,,,,,,yes,,,,21.174856924705075,79.03709063046986,West
"POLYGON ((79.037877 21.175082, 79.037835 21.174829, 79.038703 21.175048, 79.037877 21.175082))",park,,Nagpur,440013,Katol Road,,,,,,,,,,,,,,,,,,,permissive,Never open Most of the times,,,21.174986133796665,79.03813856649958,West
"POLYGON ((79.103859 21.141373, 79.103828 21.140835, 79.103988 21.140836, 79.10401 21.141366, 79.103859 21.141373))",park,,,,,,,,,,,,,,,,,,,,,,,,,,,21.141100070525795,79.10392073193705,Central
"POLYGON ((79.041584 21.178916, 79.041338 21.178432, 79.041355 21.178409, 79.041391 21.178418, 79.042006 21.178719, 79.042009 21.178749, 79.041952 21.178776, 79.041606 21.178915, 79.041584 21.178916))",park,,,,,,,,,,,,,,,,yes,,,,,,,yes,,,,21.17868149109879,79.04164836263111,West
"POLYGON ((79.10646 21.124971, 79.10674 21.124971, 79.10674 21.124669, 79.106464 21.124667, 79.10646 21.124971))",park,,,,,,,,,,,,,,,,,,,,,,,,,,,21.124819835306752,79.10660110934118,Central
"POLYGON ((79.117189 21.126855, 79.117388 21.126732, 79.117595 21.126823, 79.117585 21.127338, 79.117449 21.12739, 79.117173 21.127058, 79.117189 21.126855))",park,,,,,,,,,,,,,,,,,,,,,,,,,,,21.127038606253606,79.11741005693295,Central
"POLYGON ((79.102461 21.149968, 79.10253 21.149977, 79.102534 21.149956, 79.102518 21.149881, 79.102476 21.149875, 79.102461 21.149968))",park,,,,,,,,,,,,,,,,,,,,,,,,,,,21.149929520780766,79.10249792506373,Central
"POLYGON ((79.099645 21.147806, 79.099707 21.148114, 79.100066 21.148014, 79.100029 21.147749, 79.099645 21.147806))",park,,,,,,,,,,,,,,,,,,,,,,,,,,,21.147920889877234,79.09985683284017,Central
"POLYGON ((79.095433 21.131283, 79.095418 21.130696, 79.095423 21.130657, 79.095455 21.130634, 79.095524 21.130616, 79.095596 21.130615, 79.095646 21.130621, 79.095686 21.130651, 79.095698 21.130695, 79.095614 21.131271, 79.095433 21.131283))",park,,,,,,,,,,,,,,,,,,,,,,,,,,,21.130927656331547,79.09554362984387,Central
"POLYGON ((79.098295 21.150808, 79.098686 21.150806, 79.098684 21.150456, 79.09862 21.150457, 79.09858 21.150503, 79.098418 21.150503, 79.098381 21.150564, 79.098294 21.150565, 79.098295 21.150808))",park,,Nagpur,,,,,,,,,,,,,,,,,,,,,,,,,21.15065605962363,79.0985025754895,Central
"POLYGON ((79.093698 21.147497, 79.094348 21.147413, 79.094882 21.147344, 79.095097 21.147316, 79.095046 21.14703, 79.094527 21.147067, 79.094051 21.147135, 79.093672 21.147208, 79.093287 21.147237, 79.093354 21.147541, 79.093698 21.147497))",park,,,,,,,,,,,,,,,,,,,,,,,,,,,21.147277204844617,79.0941991045183,Central
"POLYGON ((79.092144 21.147704, 79.093354 21.147541, 79.093287 21.147237, 79.092106 21.147425, 79.092144 21.147704))",park,,,,,,,,,,,,,,,,,,,,,,,,,,,21.147475766478706,79.09273235157988,Central
"POLYGON ((79.109921 21.142242, 79.10987 21.142042, 79.110246 21.141987, 79.110302 21.142153, 79.109921 21.142242))",park,,,,,,,,,,,,,,,,,,,,,,,,,,,21.14210741155491,79.11007939096677,Central
"POLYGON ((79.109232 21.133466, 79.109132 21.133187, 79.109934 21.132606, 79.109969 21.1326, 79.110006 21.132605, 79.110041 21.132618, 79.110059 21.132647, 79.11019 21.133222, 79.109232 21.133466))",park,,,,,,,,,,,,,,,,,,,,,,,,,,,21.133074801981792,79.10970551308402,Central
"POLYGON ((79.115693 21.128211, 79.115696 21.128179, 79.11569 21.128139, 79.115619 21.128058, 79.11606 21.127685, 79.116235 21.127875, 79.116261 21.127931, 79.116271 21.127987, 79.116269 21.128323, 79.11569 21.128331, 79.115693 21.128211))",park,,,,,,,,,,,,,,,,,,,,,,,,,,,21.128069273764236,79.11598829805718,Central
"POLYGON ((79.115119 21.12897, 79.114516 21.128506, 79.11504 21.12808, 79.115213 21.128324, 79.115242 21.128884, 79.115119 21.12897))",park,,,,,,,,,,,,,,,,,,,,,,,,,,,21.128528258652157,79.11496617506988,Central
"POLYGON ((79.065744 21.10158, 79.066026 21.101525, 79.065952 21.101228, 79.065635 21.101277, 79.065744 21.10158))",park,Krishna Greeniz Lawn,,,,,,,,,,,,,,,,,,,,,,,,,,21.101399902703694,79.06583724873525,South
"POLYGON ((79.065474 21.103138, 79.06533 21.102675, 79.065584 21.102605, 79.065721 21.103043, 79.065474 21.103138))",park,green valley lawn,,,,,,,,,,,,,,,,,,,,,,,,,,21.10286560780213,79.0655263294274,South
"POLYGON ((79.077364 21.095311, 79.078309 21.094979, 79.078219 21.094749, 79.0773 21.095087, 79.077364 21.095311))",park,,,,,,,,,,,,,,,,,,,,,,,,,,,21.0950302365231,79.07780292211757,South
"POLYGON ((79.076805 21.095285, 79.077034 21.095886, 79.0761 21.09617, 79.07586 21.09564, 79.076139 21.09555, 79.076199 21.095706, 79.076458 21.095626, 79.076397 21.095453, 79.076805 21.095285))",park,,,,,,,,,,,,,,,,,,,,,,,,,,,21.0957588009485,79.07647312517535,South
"POLYGON ((79.0774 21.092407, 79.078155 21.092199, 79.078058 21.091895, 79.077277 21.091967, 79.0774 21.092407))",park,,,,,,,,,,,,,,,,,,,,,,,,,,,21.09212186413448,79.07769984471115,South
"POLYGON ((79.036098 21.119007, 79.03648 21.118677, 79.036905 21.118904, 79.03681 21.119375, 79.036173 21.119068, 79.036098 21.119007))",park,Azad Hind Nagar Ground,Nagpur,440022,Jaitala Road,,,,,,,,,,,,,,,,,,,,,Nagpur,,21.11901078412533,79.03655709350961,West
"POLYGON ((79.125584 21.150698, 79.125555 21.1498, 79.126537 21.149782, 79.126638 21.15075, 79.125584 21.150811, 79.125584 21.150698))",park,Kachi Visa Ground,,440008,Central Avenue Road,,,,,,,,,,,,,,,,,,,,,Nagpur,,21.150291820814893,79.12607642200282,Central
