geometry,addr_country,amenity,emergency,healthcare,name,name_etymology_wikidata,healthcare_speciality,addr_city,addr_street,addr_district,addr_full,addr_postcode,addr_state,source,addr_housenumber,phone,website,wikidata,operator,name_en,email,internet_access,opening_hours,survey_date,description,operator_type,addr_subdistrict,contact_phone,time,services,contact_website,building,level,Latitude,Longitude,Region
POINT (79.097469 21.129515),IN,hospital,yes,hospital,Govt. Medical College,,,,,,,,,,,,,,,,,,,,,,,,,,,,,21.1295149,79.0974689,Central
POINT (79.093649 21.154187),,hospital,yes,hospital,Indira Gandhi Medical College & Hospital,Q1149,,,,,,,,,,,,,,,,,,,,,,,,,,,,21.1541868,79.0936492,Central
POINT (79.114161 21.126903),IN,hospital,,hospital,Inpatient Department,,,,,,,,,,,,,,,,,,,,,,,,,,,,,21.126903,79.1141613,Central
POINT (79.113604 21.127343),IN,hospital,,hospital,Outpatient Department,,,,,,,,,,,,,,,,,,,,,,,,,,,,,21.127343,79.1136038,Central
POINT (79.099885 21.133151),,hospital,,hospital,Sanjivani Hospital,,urology,,,,,,,,,,,,,,,,,,,,,,,,,,,21.133151100000003,79.0998847,Central
POINT (79.113873 21.129156),IN,hospital,,hospital,Matoshri Nursing Home,,,,,,,,,,,,,,,,,,,,,,,,,,,,,21.129155999999995,79.1138731,Central
POINT (79.107624 21.14386),,hospital,,hospital,Matru Sewa Sangh (Maternity),,,,,,,,,,,,,,,,,,,,,,,,,,,,,21.1438599,79.1076243,Central
POINT (79.102634 21.124178),IN,hospital,yes,hospital,Nagpur Super Speciality Hospital,,,Nagpur,"Behind Medical College, Hanuman Nagar, Hanuman Nagar",,,,,,,,,,,,,,,,,,,,,,,,,21.1241779,79.1026344,Central
POINT (79.104346 21.123908),IN,hospital,,hospital,Rashtrasant Tukdoji Maharaj Cancer Hospital,,,,,,,,,,,,,,,,,,,,,,,,,,,,,21.123907699999997,79.1043456,Central
POINT (79.10408 21.111552),,hospital,yes,hospital,Asha General Hospital,,,,,,,,,,,,,,,,,,,,,,,,,,,,,21.1115524,79.1040801,South
POINT (79.104088 21.1117),,hospital,,hospital,Apulki Vairagade Hospital,,,,,Nagpur,"Manewada Cement Road, Shirdi Nagar, Opposite Navdurga Mandir",440024.0,Maharashtra,OpenGovernmentData,,,,,,,,,,,,,,,,,,,,21.111699999999995,79.1040881,South
POINT (79.048592 21.11303),,hospital,,,G. T. Padole Hospital,,,,,Nagpur,"17, Padole Layout, Deendayal Nagar Sq. Parsodi Ring Road",440022.0,Maharashtra,OpenGovernmentData,,,,,,,,,,,,,,,,,,,,21.1130302,79.0485919,West
POINT (79.074581 21.135076),IN,hospital,,hospital,Arneja Heart and Multispeciality Hospital,,cardiology,nagpur,,Nagpur,"123, Ramdaspeth, Behind Sonalwar High School",440010.0,Maharashtra,OpenGovernmentData,123,,,,,,,,,,,,,,,,,,,21.1350759,79.0745814,Central
POINT (79.065402 21.112767),,hospital,,,Orange City Hospital and Research Institute,,,Nagpur,"Orange City Hospital, Khamla Road",Nagpur,"Plot No 19, Pande Lay Out Khamla Road, Ring Road Junction Veersawarkar Square",440015.0,Maharashtra,OpenGovernmentData,,0712 663 4918,https://ochri.com/,,,,,,,,,,,,,,,,,21.1127672,79.0654015,South
POINT (79.066174 21.113918),,hospital,,,Chest Care Clinic,,,,,,,,,,,,,,,,,,,,,,,,,,,,,21.1139182,79.066174,South
POINT (79.064395 21.124363),,hospital,,hospital,Dhruv Pathology & Molecular,,,,,,,,,,,,,,,,,,,,,,,,,,,,,21.124362800000004,79.0643947,Central
POINT (79.069956 21.180824),,hospital,,,Oasis Nursing Home,,,,,,,,,,,,,,,,,,,,,,,,,,,,,21.1808237,79.0699559,North
POINT (79.077934 21.145001),IN,hospital,,hospital,Mure Memorial Hospital,,,Nagpur,"Maharaja Road, Civil Lines, Sitabuldi,",Nagpur,Maharajbhag Road Sitabuldi Maharajbhag Road,440001.0,Maharashtra,OpenGovernmentData,,+91 712 252 2370,,,,,,,,,,,,,,,,,,21.1450006,79.0779338,Central
POINT (79.055812 21.141615),IN,hospital,,hospital,Indus Health Care & Checkup Centre,,,Nagpur,"Plot No. 84, Rama Niwas, Hill Road Ramnagar",,,440033.0,,,,099677 80336,https://indushealthplus.com/,,,,,,,,,,,,,,,,,21.1416151,79.0558122,Central
POINT (79.0841 21.120261),,hospital,,,Railway Hospital,,,Nagpur,"Rambagh, Ajni",,,440012.0,,,,,,,,,,,,,,,,,,,,,,21.1202606,79.0841004,Central
POINT (79.07064 21.111581),,hospital,,,Advance Dental Clinic,,,Nagpur,"Residency Road, Sadar, Sadr",,,,,,,,,,,,,,,,,,,,,,,,,21.1115807,79.0706405,South
POINT (79.059412 21.132195),,hospital,,hospital,Narcaood Hospital,,,,"Narcod Physiotherapy Center Plot No 3, Shankar Nagar",,,,,,,,,,,,,,,,,,,,,,,,,21.1321946,79.0594119,Central
POINT (79.065042 21.13641),IN,hospital,,hospital,Wockhardt Super Speciality Hospital,,,Nagpur,"1643, North Ambazari Rd, Shankar Nagar",,,,,,,,,,,,,,,,,,,,,,,,,21.1364104,79.0650417,Central
POINT (79.068042 21.132011),,hospital,,hospital,Dr Baraskar Jaiprakash,,,Nagpur,"Baraskar Hospital, 276 Crystal Plaza, Central Bazar road",,,,,,,,,,,,,,,,,,,,,,,,,21.132011299999995,79.068042,Central
POINT (79.074178 21.134047),IN,hospital,,hospital,Avantika Hospital,,,Nagpur,"Avantika Hospital, Ashirwad Complex, Central Bazar road",Nagpur,34/2 Central Bazar Road Ramdaspeth,440012.0,Maharashtra,OpenGovernmentData,,,,,,,,,,,,,,,,,,,,21.134047400000004,79.0741784,Central
POINT (79.07486 21.134257),IN,hospital,,hospital,"Sushrut Hospital, Nagpur",,,Nagpur,"Central Bazar Rd, Near Hotel Center Point, Ramdaspeth",Nagpur,,440010.0,Maharashtra,OpenGovernmentData,,,,,,,,,,,,,,,,,,,,21.1342574,79.07486,Central
POINT (79.080249 21.135031),IN,hospital,,hospital,"Evista Eye Care Centre- Dr.sanjay Jaiswal-m.b.b.s., M.s., in [ophthalmology]",,,Nagpur,"Plot.no-14/1 ,Opposite to Dhantoli Park, Dhantoli",Nagpur,Opposite Dhantoli Park,440012.0,Maharashtra,OpenGovernmentData,,,,,,,,,,,,,,,,,,,,21.135031399999992,79.080249,Central
POINT (79.079603 21.136072),IN,hospital,,hospital,Getwell Hospital and Research Institute,,,Nagpur,"20/1, Wardha Road, Dr. Khare Marg, Near H.P. Petr*",Nagpur,"20/1, Khare Marg Behind Vijayanand Society Dhantoli",440005.0,Maharashtra,OpenGovernmentData,,,,,,,,,,,,,,,,,,,,21.136072399999996,79.0796029,Central
POINT (79.081313 21.135927),IN,hospital,,hospital,Mulik Hospital,,,,"Balraj Marg, Dhantoli, Opposite Dhantoli Park, Dhantoli",,,,,,,,,,,,,,,,,,,,,,,,,21.1359274,79.08131290000001,Central
POINT (79.079917 21.136975),IN,hospital,,hospital,Ketki Urological Hospital,,,Nagpur,Dhantoli,,,,,,,,,,,,,,,,,,,,,,,,,21.136975,79.079917,Central
POINT (79.079175 21.138544),IN,hospital,,hospital,"Care Hospital, Nagpur",,,,"3 Farmland, Panchsheel Square Ramdaspeth, Wardha Road",Nagpur,"3, Farmland, Panchsheel Square",440010.0,Maharashtra,OpenGovernmentData,,,,,,,,,,,,,,,,,,,,21.138544400000004,79.079175,Central
POINT (79.079953 21.131248),IN,hospital,,hospital,Crescent Hospital & Heart Centre,,,Nagpur,"1st Lane, Near Lokmat Square, Behind Old Mount Canvent",,,,,,,,,,,,,,,,,,,,,,,,,21.1312485,79.0799527,Central
POINT (79.083259 21.133115),IN,hospital,,hospital,Retina Eye Care Hospital,,,Nagpur,"Humpyard Rd, Dhantoli,",,,440032.0,,,,,,,,,,,,,,,,,,,,,,21.1331154,79.0832586,Central
POINT (79.082105 21.131042),IN,hospital,,hospital,Shri Krishna Hrudayalaya and Critical Care Centre,,,Nagpur,"Tikekar Road, Congress Nagar Square, Opp. New Eng",Nagpur,"176, Tikekar Road, Congress Nagar Square Dhantoli",440012.0,Maharashtra,OpenGovernmentData,,,,,,,,,,,,,,,,,,,,21.1310422,79.0821048,Central
POINT (79.083023 21.132525),IN,hospital,,hospital,Vasan Eye Care,,,,"Humpyard Road,, Congress Nagar, T- Point, Dhantol*",,,,,,,,,,,,,,,,,,,,,,,,,21.132525000000005,79.0830226,Central
POINT (79.08535 21.140624),IN,hospital,,hospital,Baheti (Dr) Mukund,,,,"Main Road, Balraj Marg, Near Lokmat Square, Near *",,,,,,,,,,,,,,,,,,,,,,,,,21.140624400000004,79.0853499,Central
POINT (79.085284 21.141176),IN,hospital,,hospital,"Dr B K Murali, Hope Hospitals",,,Nagpur,"Hope Hospitals,, 51, Dhantoli",,,,,,,,,,,,,,,,,,,,,,,,,21.1411757,79.0852841,Central
POINT (79.085732 21.14125),IN,hospital,,hospital,Surelife Hospital,,,,"5th Floor, Dhanashree Towers, Near Hotel Hardeo,",,,,,,,,,,,,,,,,,,,,,,,,,21.141249500000004,79.0857315,Central
POINT (79.096802 21.131174),IN,hospital,,,Cph Centre Point Hospital and Medical Research Institute Pvt. Ltd.,,,Nagpur,"Shriram Dharamshalal, Ajni Road, Untkhana",Nagpur,Medical Square,440009.0,Maharashtra,OpenGovernmentData,,,,,,,,,,,,,,,,,,,,21.131174500000004,79.0968017,Central
POINT (79.11595 21.14911),,hospital,yes,hospital,Indira Gandhi Medical College,,,,"Ca Road, C A Road, Central Avenue, Central Avenue",,,,,,,+91 712 272 6126,,,,,,,,,,,,,,,,,,21.149109900000003,79.1159505,Central
POINT (79.141304 21.14871),,hospital,,hospital,Shri Radhakrishna Hospital and Research Institute,,,Nagpur,"Wardhaman Nagar East,",Nagpur,Central Avenue East Wardhamannagar,440008.0,Maharashtra,OpenGovernmentData,,,,,,,,,,,,,,,,,,,,21.148710399999995,79.1413039,East
POINT (79.064192 21.170362),,hospital,,,Central Govt Heath Scheme(CGHS) Clinic,,,Nagpur,,,,,,,,,,,,,,,,,,,,,,,,,,21.1703616,79.064192,Central
POINT (79.083588 21.169101),,hospital,,,Suraj Eye Institute Om Drishti Trust,,,Nagpur,"Plot No 559, Suraj Eye Institute, New Colony",,,,,,,,,Q30282227,,,,,,,,,,,,,,,,21.169100699999998,79.0835882,Central
POINT (79.083511 21.157273),,hospital,,,Dr S P Naidu,,,Nagpur,"Mohan Nagar, Near Patny Automobiles, Kamptee Road",,,,,,,,,,,,,,,,,,,,,,,,,21.1572734,79.083511,Central
POINT (79.064823 21.122406),,hospital,,hospital,Sanjeevani Orthopaedic And Paediatric Ho,,,Nagpur,"Central Avenue Laxmi Nagar, V-2, Near Aath Rasta",,,,,,,,,,,,,,,,,,,,,,,,,21.122406500000004,79.0648229,Central
POINT (79.103572 21.153088),,hospital,,hospital,Daga Hospital,,,Nagpur,Gandhibagh,,,440018.0,,,,,,,,,,,,,,,,,,,,,,21.1530884,79.1035724,Central
POINT (79.078388 21.132718),IN,hospital,,hospital,Spandan Heart Institute & Research Centre,,,Nagpur,"Plot No. 31, Off Chitale Marg, Behind Hitwad Press, Dhantoli",,,440012.0,,,,0712 244 3333,www.spandanheart.com,,,,,,,,,,,,,,,,,21.1327178,79.0783876,Central
POINT (79.078781 21.135184),IN,hospital,,hospital,Cancer Care Clinic & Hospital,,,Nagpur,"Cancer Care Clinic & Hospital 5th Floor Vasanst Sheela Tower, Lokmat Square, Dhantoli",,,,,,,0712 243 0465,cancercarenagpur.com,,,,,,,,,,,,,,,,,21.1351842,79.0787811,Central
POINT (79.137742 21.147558),,hospital,,hospital,Dr. Somani Accident Hospital,,,Nagpur,"Vaishno Devi Square, Hiwari Nagar Wardhaman Nagar",,,440008.0,,,,,,,,,,,,,,,,,,,,,,21.1475579,79.1377417,East
POINT (79.138353 21.147648),,hospital,,hospital,East End Hospital,,,Nagpur,Central Avenue Padole Nagar,,,440008.0,,,,0712 273 2332,,,,,,,,,,,,,,,,,,21.147648000000004,79.1383532,East
POINT (79.103746 21.141777),,hospital,,hospital,Shri Ram Jeevan Chaudhari Memorial Hospital & Research Center,,,Nagpur,"New Shukrawari Road Ramwadi, Mangalwari, Mahal",,,440002.0,,,,0712 695 5045,,,,,,,,,,,,,,,,,,21.1417766,79.1037462,Central
POINT (79.070536 21.115441),,hospital,,,,,,,,,,,,,,,,,,,,,,,,,,,,,,,,21.1154411,79.0705365,Central
POINT (79.05586 21.147808),IN,hospital,,,Sengupta Hospital and Research Institute,,,Nagpur,Ravinagar,Nagpur,Ravi Nagar Square Amaravati Road,440033.0,Maharashtra,OpenGovernmentData,,+91 712 2532697,https://senguptahospitals.com/,,,,,,,,,,,,,,,,,21.1478084,79.0558595,Central
POINT (79.056034 21.146463),IN,hospital,,,Dr. Dande Hospital,,,Nagpur,"Ram Nagar Square, Ram Nagar",Nagpur,"69 A Hill Road Ramnagar Near Ravi Nagar Sq, Nagpur",440010.0,Maharashtra,OpenGovernmentData,,+91 712 2536590,,,,,,,,,,,,,,,,,,21.1464626,79.0560338,Central
POINT (79.0638 21.14615),IN,hospital,,hospital,Paldiwal Hospital And Polyclinic,,,Nagpur,"Opposite R T O Office, Amravati Road, Amravati Road Gorepeth",,,440010.0,,,,+91 712 2526284,https://pulseimaging.in/,,,,,,,,,,,,,,,,,21.14615,79.0637996,Central
POINT (79.082091 21.145158),IN,hospital,,hospital,Mangala Ketkar's,,,Nagpur,Sitabuildi,,,440012.0,,,,,,,,,,,,,,,,,,,,,,21.145158299999995,79.0820907,Central
POINT (79.083334 21.144465),IN,hospital,,hospital,Bhiwapurkar Eye Hospital,,,,Sitabuildi,,,,,,,,,,,,,,,,,,,,,,,,,21.1444649,79.0833343,Central
POINT (79.08426 21.141805),IN,hospital,,hospital,suretech hospital,,,Nagpur,Sitabuldi,,,440012.0,,,,+91 712 6612999,,,,,,,,,,,,,,,,,,21.1418047,79.0842602,Central
POINT (79.084578 21.142435),IN,hospital,,hospital,Adil Homeo Heart Care Centre,,,,Sitabuldi,,,440012.0,,,,+91 712 2532008,,,,,,,,,,,,,,,,,,21.1424351,79.0845779,Central
POINT (79.102652 21.150888),,hospital,,hospital,VINAYAK NETRALAYA,,,Nagpur,"93/94, Gandhibagh",,,,,,,,,,,,,,,,,,,,,,,,,21.1508876,79.1026519,Central
POINT (79.108451 21.149624),,hospital,,hospital,Puniyani Hospital for Child and Women Care,,,Nagpur,Mangalwari,,,,,,,,,,,,,,,,,,,,,,,,,21.1496244,79.1084506,Central
POINT (79.103767 21.152071),,hospital,,hospital,Sahu Hospital,,,Nagpur,Gandhibagh,,,440018.0,,,,,,,,,,,,,,,,,,,,,,21.1520709,79.1037674,Central
POINT (79.112864 21.149533),,hospital,,hospital,Chandak Critical Care Hospital & ICCU,,,Nagpur,"Darodkar Square Central Avenue, Hansapuri,",,,440002.0,,,,,,,,,,,,,,,,,,,,,,21.1495333,79.1128642,Central
POINT (79.116845 21.148644),,hospital,,hospital,Ace Womens' Hospital,,,Nagpur,"Umiya Tower, Near Chandrashekhar Ashad Square, Central Avenue Road",,,440018.0,,,,+91 712 2775417,,,,,,,,,,,,,,,,,,21.1486438,79.1168452,Central
POINT (79.121491 21.147352),,hospital,,hospital,Dr. Dalvi Memorial Hospital and Research Centre,,,Nagpur,Bagadganj,Nagpur,"Telephone Exchange Chowk, Central Avenue,Garaoba Maidan",440008.0,Maharashtra,OpenGovernmentData,,+91 712 2766414,https://dalvihospital.org/,,,,,,,,,,,,,,,,,21.1473515,79.1214913,Central
POINT (79.139025 21.147211),,hospital,,hospital,Arjun Hospital,,,,"Deshpande Layout 963, Padole Nagar,",,,440008.0,,,,,,,,,,,,,,,,,,,,,,21.1472112,79.1390246,East
POINT (79.134892 21.148267),,hospital,,hospital,Shyam Medicals,,,Nagpur,"Wardhman Nagar Square, Wardhaman Nagar, Wardhaman Nagar Central Avenue, Wardhaman Nagar",,,440008.0,,,,+91 712 2768084,,,,,,,,,,,,,,,,,,21.1482671,79.1348921,East
POINT (79.132986 21.145544),,hospital,,hospital,Sawarkar Hospital,,,Nagpur,"Garoba Maidan, Shashtri Nagar",,,440008.0,,,,,,,,,,,,,,,,,,,,,,21.1455439,79.1329861,East
POINT (79.144408 21.147743),,hospital,,hospital,East End Hospital,,,Nagpur,Padole Nagar,Nagpur,"1208/737, Deshpande Lay Out, Central Avenue",440008.0,Maharashtra,OpenGovernmentData,,+91 712 2736294,,,,,,,,,,,,,,,,,,21.147742900000004,79.1444081,East
POINT (79.077001 21.091721),,hospital,,,"Sanjeevani Hospital, Nagpur",,,,"5/6, Beltarodi Road, Manish Nagar",Nagpur,V-2 Laxmi Nagar Aath Rastha Chowk,440015.0,Maharashtra,OpenGovernmentData,,+91 9503700030,,,,,,,,,,,,,,,,,,21.0917212,79.07700140000001,South
POINT (79.066927 21.100257),,hospital,yes,,Roy Nursing Home,,,,"1, National Highway 7, Jaiprakash Nagar",,,,,,,+91 712 2290888,,,,,,,,,,,,,,,,,,21.1002572,79.0669266,South
POINT (79.072111 21.114548),,hospital,yes,,Dharmadhikari Hospital,,,Nagpur,"Plot No 77, Wardha Road, Hindustan Colony, Wardha Road",,,440015.0,,,,+91 712 2222951,,,,,,,,,,,,,,,,,,21.1145482,79.0721111,Central
POINT (79.068989 21.111351),,hospital,,,Mahatma Eye Bank and Hospital,,,Nagpur,"Ring Road, Sawarkar Nagar, Khamla",,,440015.0,,,,,,,,,,,,,,,,,,,,,,21.1113508,79.0689893,South
POINT (79.078126 21.135569),IN,hospital,,hospital,Galaxy Vidarbha Diagnostics Pvt. Ltd.,,,Nagpur,"12, Milestone Building, Near Lokmat Square Ramdaspeth,",,,411010.0,,,,+91 712 245 2570,http://galaxyvidarbhadiagnostic.com/,,,,,,,,,,,,,,,,,21.1355692,79.0781259,Central
POINT (79.077138 21.134988),IN,hospital,,hospital,Anjani Eye Hospital,,,,Central Bazar Rd Nagpur,Nagpur,"No. 20, Farmland,Near Lokmat Square,Central Bazar Road,New Ramdaspeth",440010.0,Maharashtra,OpenGovernmentData,,+91 712 2425869,,,,,,,,,,,,,,,,,,21.1349883,79.0771381,Central
POINT (79.07645 21.134863),IN,hospital,,hospital,Dr Sushil Rathi (Anika Clinic),,,Nagpur,"Ramdaspeth, Opposite Centra Point Hotel, Ramdaspeth",,,440012.0,,,,+91 9823363768,,,,,,,,,,,,,,,,,,21.1348631,79.0764497,Central
POINT (79.07695 21.134397),IN,hospital,,hospital,Subramaniam Hospital,,,,"Midas Heights Central Bazar Road, Ramdaspeth",,,440010.0,,,,+91 712 243 5835,,,,,,,,,,,,,,,,,,21.13439659999999,79.0769499,Central
POINT (79.075585 21.134037),IN,hospital,,hospital,Ganju Haematology Clinic and Hospital,,,Nagpur,"Central Bazar Road, Near Minerva",Nagpur,"6Th Floor Midas Heights , Central Bazar Road",440002.0,Maharashtra,OpenGovernmentData,,+91 9422110765,,,,,,,,,,,,,,,,,,21.134037299999992,79.0755846,Central
POINT (79.075693 21.134567),IN,hospital,yes,hospital,"GI , Endoscopy and Liver clinic.SMP Hospital Dr Samir Patil",,,Nagpur,"2nd floor, Yugdharma Complex, Central Bazaar Road, Ramdaspeth",,,440010.0,,,,+91 712 2420653,,,,,,,,,,,,,,,,,,21.1345668,79.0756928,Central
POINT (79.07455 21.13369),IN,hospital,,hospital,Aditya Hospital Critical Care and Emergency Center,,,Nagpur,Central Bazar Road,Nagpur,"4Th Floor, Aditya Enclave, 20, Central Bazar Road, Opp Somalwar High Scohoo Ramdaspeth",440010.0,Maharashtra,OpenGovernmentData,,+91 712 2449222,,,,,,,,,,,,,,,,,,21.133690500000004,79.0745505,Central
POINT (79.073388 21.133722),,hospital,,hospital,Netranjali Centre For Advanced Eye Care,,,Nagpur,"Central Bazar Road, Ramdaspeth",,,440010.0,,,,,,,,,,,,,,,,,,,,,,21.133722099999996,79.073388,Central
POINT (79.070845 21.132906),IN,hospital,,hospital,Baraskar Multispeciality Hospital and Dialysis,,,,"Central Bazar Road, Ramdaspeth",Nagpur,"276, Central Bazar Road, Beside Sneh Nursing Home, Ramdaspeth",440010.0,Maharashtra,OpenGovernmentData,,,,,,,,,,,,,,,,,,,,21.132906,79.0708446,Central
POINT (79.078904 21.134181),IN,hospital,,hospital,Crescent Nursing Home and Iccu,,,Nagpur,"Near Mount Carbel School, Lokmat Square, Lokmat Square",Nagpur,"1st Lane Dhantoli, Near Lokmat Square",440012.0,Maharashtra,OpenGovernmentData,,+91 712 2421822,,,,,,,,,,,,,,,,,,21.1341811,79.078904,Central
POINT (79.071773 21.13318),IN,hospital,,hospital,KRIMS Hospital,,,Nagpur,"Central Bazar Road, Ramdaspeth",,,440010.0,,,,+91 712 2451188,,,,,,,,,,,,,,,,,,21.1331799,79.0717727,Central
POINT (79.070779 21.132877),IN,hospital,,hospital,Meditrina Institute Of Medical Sciences,,,Nagpur,"278,Central Bazar Road,Ramdaspeth",,,440010.0,,,,+91 712 253 0882,https://www.meditrinainstitute.com/,,,,,,,,,,,,,,,,,21.1328773,79.0707792,Central
POINT (79.079018 21.136345),IN,hospital,,hospital,Deshmane Hospital,,,Nagpur,"2nd Floor, Vasant Sheela Complex, Lokmat Square, Dhantoli",,,440012.0,,,,+91 712 242 8722 ‎,,,,,,,,,,,,,,,,,,21.136344599999997,79.0790181,Central
POINT (79.078416 21.133665),IN,hospital,,hospital,Nagpur Chest Center,,,,"Amarjyoti Complex, Near Lokmat Square, Dhantoli",,,440012.0,,,,+91 9561098334,,,,,,,,,,,,,,,,,,21.133665300000004,79.0784165,Central
POINT (79.079998 21.136364),IN,hospital,,hospital,Shree Child Clinic,,,Nagpur,Dhantoli,,,440012.0,,,,,,,,,,,,,,,,,,,,,,21.1363635,79.0799981,Central
POINT (79.079876 21.135998),IN,hospital,,hospital,Navjeevan Nursing Home,,,Nagpur,Dhantoli,,,,,,,,,,,,,,,,,,,,,,,,,21.135997799999995,79.0798764,Central
POINT (79.079679 21.138069),IN,hospital,,hospital,Jasleen Eye Hospital - Nagpur,,,Nagpur,"Wardha Road, Dhantoli",Nagpur,"Jasleen Bldg Wardha Road Flat No 1, Jasleen Bldg Wardha Road",440012.0,Maharashtra,OpenGovernmentData,,+91 712 242 1851,https://jasleenhospital.com/,,,,,,,,,,,,,,,,,21.1380687,79.0796792,Central
POINT (79.082299 21.134382),IN,hospital,,hospital,Pande Memorial Hospital,,,,"Pande Memorial Hospital, P R Sathe Marg, Dhantoli",Nagpur,"Near Ahilya Mandir, Behind Central Bank, Dhantoli",440012.0,Maharashtra,OpenGovernmentData,,+91 712 243 4254,,,,,,,,,,,,,,,,,,21.13438169999999,79.0822989,Central
POINT (79.083327 21.138521),IN,hospital,,hospital,WE PLUS OPTICALS,,,,"Masrani Bhavan, Abhyankar Road,Dhantoli",,,440012.0,,,,+91 99 60 264949,http://www.weplus.in/,,,,,,,,,,,,,,,,,21.138520900000003,79.0833269,Central
POINT (79.069372 21.136838),IN,hospital,,hospital,Dr. Anand Pangarkar's Eye Hospital,,,Nagpur,"East Shankar Nagar, Shankar Nagar",,,440010.0,,,,,,,,,,,,,,,,,,,,,,21.1368385,79.0693717,Central
POINT (79.066922 21.136895),IN,hospital,,hospital,Wockhardt Super Speciality Hospital,,,Nagpur,"1648, North Ambazari Road, Shankar Nagar",,,440033.0,,,,+91 712 662 4444,https://www.wockhardthospitals.com/,,,,,,,,,,,,,,,,,21.1368952,79.0669225,Central
POINT (79.129682 21.112629),,hospital,,,Cure It Hospital Pvt.Ltd,,,Nagpur,Taj Bagh,Nagpur,,440024.0,Maharashtra,OpenGovernmentData,,+91 712 646 5102,http://www.cureithospital.com/,,,,,,,,,,,,,,,,,21.112629,79.1296817,East
POINT (79.113409 21.117889),,hospital,,hospital,Kherde Hospital,,,,,,,,,,,,,,,,,,,,,,,,,,,,,21.1178889,79.1134088,South
POINT (79.106177 21.11761),,hospital,,hospital,Kamble Hospital,,,,,,,,,,,,,,,,,,,,,,,,,,,,,21.1176102,79.1061774,Central
POINT (79.105156 21.122068),,hospital,,hospital,Sahu Hospital,,,,,,,,,,,,,,,,,,,,,,,,,,,,,21.1220676,79.1051559,Central
POINT (79.09023 21.125901),,hospital,,hospital,Health Unit Ajni,,,,,,,,,,,,,,,,,,,,,,,,,,,,,21.125901,79.0902296,Central
POINT (79.103488 21.10789),,hospital,,hospital,Asha Homeopathic Hospital,,,,,,,,,,,,,,,,,,,,,,,,,,,,,21.1078896,79.1034883,South
POINT (79.103544 21.108114),,hospital,,hospital,Sarita Homeopathic Hospital,,,,,,,,,,,,,,,,,,,,,,,,,,,,,21.108113500000005,79.1035441,South
POINT (79.104116 21.11551),,hospital,,hospital,Belsare Children's Hospital,,,,,,,,,,,,,,,,,,,,,,,,,,,,,21.1155098,79.10411620000002,Central
POINT (79.103929 21.115026),,hospital,,hospital,Chikhle Multi Speciality and Cancer Hospital,,,,,,,,,,,,,,,,,,,,,,,,,,,,,21.1150264,79.1039294,Central
POINT (79.103749 21.111927),,hospital,,hospital,Deerghayu Ayurved Panchakarma Chikitsalaya,,,,,,,,,,,,,,,,,,,,,,,,,,,,,21.1119271,79.1037492,South
POINT (79.104137 21.112349),,hospital,,hospital,Prasuti ani Stree Rog Clinic,,,,,,,,,,,,,,,,,,,,,,,,,,,,,21.1123494,79.1041366,South
POINT (79.104522 21.115007),,hospital,,hospital,Sangam Orthopedic and General Hospital,,,,,,,,,,,,,,,,,,,,,,,,,,,,,21.115006999999995,79.1045225,Central
POINT (79.10374 21.109422),,hospital,,hospital,Shambharkar Hospital,,,,,,,,,,,,,,,,,,,,,,,,,,,,,21.1094225,79.1037401,South
POINT (79.103684 21.108763),,hospital,,hospital,Shree Sai Homeopathic Hospital,,,,,,,,,,,,,,,,,,,,,,,,,,,,,21.1087631,79.1036843,South
POINT (79.104424 21.115658),,hospital,,hospital,Singare Eye Hospital,,,,,Nagpur,"Manewada Road, Opp. Dnyaneshwar Nagar, Khankhoje Nagar, Ambika Nagar Gate, Nagpur",440024.0,Maharastra,Local Knowledge,,,,,,,,,,,,,,,,,,,,21.115658000000003,79.1044239,Central
POINT (79.104012 21.113761),,hospital,,hospital,Vivekananda Health Care and Yoga Centre,,,,,,,,,,,,,,,,,,,,,,,,,,,,,21.1137614,79.1040123,Central
POINT (79.117587 21.124435),,hospital,,hospital,Mukherjee Multispeciality Hospital,,,,,Nagpur,"179, Ayurvedic Lay-Out, Bhande Plot Chowk, Urmer Road, Sakkardara",440022.0,Maharashtra,OpenGovernmentData,,,https://mukherjeehospital.com/,,,,,,,,,,,,,,,,,21.124434899999997,79.1175873,Central
POINT (79.07905 21.168997),,hospital,,,Prestige Hospitals Pvt Ltd,,,,,,,,,,,,,,,,,,,,,,,,,,,,,21.1689967,79.0790495,Central
POINT (79.11332 21.13001),,hospital,,hospital,Kurvey Hospital,,,,,Nagpur,Sakkardara Road,440009.0,Maharashtra,OpenGovernmentData,,,,,Dr Nalini Kurve,,,,,,,,,,,,,,,21.130009699999995,79.1133196,Central
POINT (79.095702 21.129117),,hospital,,hospital,,,,,,,,,,,,,,,,AIIMS Trauma Care Centre,,,,,,,,,,,,,,21.129117399999995,79.0957023,Central
POINT (79.1215 21.149666),,hospital,,hospital,,,,,,,,,,,,,,,,New Era Hospital,,,,,,,,,,,,,,21.1496662,79.1215,Central
POINT (79.115591 21.132256),,hospital,,,,,,,Ganesh nagar,,,440024.0,,,378,07122701912,,,,Shirbhate Hospital,pmshirbhate@yahoo.com,wlan,24/7,,,,,,,,,,,21.1322555,79.1155909,Central
POINT (79.078931 21.148013),,hospital,,hospital,,,,,,,,,,,,,,,,,,,,,,,,,,,,,,21.1480127,79.0789312,Central
POINT (79.080208 21.134479),,hospital,,hospital,,,,,,,,,,,,,,,,"Neuron Brain, Spine & Critical Care Centre",,,,,,,,,,,,,,21.134478999999995,79.0802081,Central
POINT (79.080264 21.134592),,hospital,,hospital,,,,,,,,,,,,,,,,CIIHO Blood & Cancer Hospital,,,,,,,,,,,,,,21.1345925,79.0802644,Central
POINT (79.06149 21.133975),,hospital,,hospital,Happy Pharmacy,,,,,,,440010.0,,,,,,,,,,,,,,,,,,,,,,21.133975000000003,79.06148980000002,Central
POINT (79.116224 21.169797),,hospital,,,Samarpan Hospital and Research Institute,,,,,,,,,,,,,,,,,,,,,,,,,,,,,21.1697967,79.1162235,Central
POINT (79.099276 21.132624),,hospital,,,Balwaik Multi Speciality Hospital,,,,,,,,,,,,,,,,,,,,,,,,,,,,,21.1326243,79.0992759,Central
POINT (79.100868 21.13403),,hospital,,,Niramaya Hospital,,,,,,,,,,,,,,,,,,,,,,,,,,,,,21.134030500000005,79.1008675,Central
POINT (79.106121 21.127189),,hospital,,hospital,ESIS Hospital,,,,,,,,,,,,,,,,,,,2019-10-12,,,,,,,,,,21.127189399999992,79.1061206,Central
POINT (79.077047 21.13538),,hospital,,hospital,,,,,Central Bazar Road,,,440012.0,,,301 B,"0712-2448520, 2460766",https://www.ashwinikidneycentre.com/,,,"Ashwini kidney & dialysis centre Pvt Ltd, AKDC",ookalkar@yahoo.co.in,,24/7,,,,,,,,,,,21.135379799999995,79.0770473,Central
POINT (79.110918 21.130476),,hospital,,hospital,Khalatkar Hospital,,,,,Nagpur,"R-29,Reshimbag,Umrer Road",440009.0,Maharashtra,OpenGovernmentData,,,,,,,,,,,,,,,,,,,,21.1304764,79.110918,Central
POINT (79.079257 21.185117),,hospital,,,Medicare Multi Speciality Hospital,,,,,Nagpur,"2nd Floor, Gulmohar Complex, Mankapur",440001.0,Maharashtra,OpenGovernmentData,,,,,,,,,,,,,,,,,,,,21.185117,79.0792572,North
POINT (79.115662 21.130082),,hospital,,hospital,Sawarbandhe Multispeciality Hospital,,,,,Nagpur,"457, Anand Nagar, Sakkardala, Police Station Road",440002.0,Maharashtra,OpenGovernmentData,,,,,,,,,,,,,,,,,,,,21.1300825,79.1156621,Central
POINT (79.149322 21.151901),,hospital,,,Tikhile Maternity and Nursing Home,,,,,Nagpur,"First Floor, 9E Surya Nagar",440008.0,Maharashtra,OpenGovernmentData,,,,,,,,,,,,,,,,,,,,21.1519006,79.1493216,East
POINT (79.07182 21.136316),,hospital,,hospital,Diabetes Care and Research Centre,,,,,Nagpur,"42,Lendra Park,Ramdaspeth",440010.0,Maharashtra,OpenGovernmentData,,,,,,,,,,,,,,,,,,,,21.136316000000004,79.0718201,Central
POINT (79.062315 21.135136),,hospital,,hospital,Central Neurological Institute,,,,,Nagpur,80 West High Court Road Shankar,440010.0,Maharashtra,OpenGovernmentData,,,,,,,,,,,,,,,,,,,,21.1351361,79.0623151,Central
POINT (79.064168 21.112668),,hospital,,,Karandikar Maternity and Nursing Home,,,,,Nagpur,"69, Shankar Nagar , West High Court Road",440010.0,Maharashtra,OpenGovernmentData,,,,,,,,,,,,,,,,,,,,21.1126679,79.0641685,South
POINT (79.068298 21.135572),,hospital,,hospital,Kamal Institute Of andro-Urology,,,,,Nagpur,"21, Kachipua, New Ramdaspeth",440010.0,Maharashtra,OpenGovernmentData,,,,,,,,,,,,,,,,,,,,21.1355715,79.0682983,Central
POINT (79.057436 21.135759),,hospital,,hospital,"Zenith Hospital, Nagpur",,,,,Nagpur,"Plot No. 141,Shivaji Nagar, Lane Opposite New Wokhardt Hospital North Ambazari Road",440010.0,Maharashtra,OpenGovernmentData,,,,,,,,,,,,,,,,,,,,21.1357586,79.0574365,Central
POINT (79.056991 21.140627),,hospital,,hospital,Dr Kg Deshpande Memorial Centre,,,,,Nagpur,"218, North Bazar Road, Gokulpeth Gokulpeth",440010.0,Maharashtra,OpenGovernmentData,,,,,,,,,,,,,,,,,,,,21.1406274,79.0569913,Central
POINT (79.073463 21.133749),,hospital,,hospital,Laser Vision Centre,,,,,Nagpur,"18,Rajkamal Complex, 1st Floor, Panchsheel Square Wardha Road",440012.0,Maharashtra,OpenGovernmentData,,,,,,,,,,,,,,,,,,,,21.133748799999992,79.073463,Central
POINT (79.075786 21.135062),,hospital,,hospital,Ganeshrao Kanphade Memorial Hospital,,,,,Nagpur,"Second Floor,Pushp Kunj, Central Bazar Road, Ramdaspeth",440012.0,Maharashtra,OpenGovernmentData,,,,,,,,,,,,,,,,,,,,21.1350623,79.0757865,Central
POINT (79.114299 21.112685),,hospital,no,hospital,Ganeriwal Hospital,,diabetology,NAGPUR,,New Subhedar Layout,"New Subhedar Layout, Hudkeshwar,Opp.Nagoba Mandir",440024.0,Maharashtra,OpenGovernmentData;local knowledge,,,,,Dr.Mukund Ganeriwal,,,,"Mo-Su 11:00-14:00, 19:00-21:30",,Diabetes specialist hospital,private,,,,,,,,21.1126846,79.114299,South
POINT (79.115601 21.148761),,hospital,,hospital,ACE Women's Hospital,,,,,Nagpur,"Umiya Towers, Near Chandrashekhar Azad Square, Central Avanue",440008.0,Maharashtra,OpenGovernmentData,,,,,,,,,,,,,,,,,,,,21.148761400000005,79.11560120000001,Central
POINT (79.115218 21.149728),,hospital,,hospital,Radiance Hospital,,,,,Nagpur,"113-A, Quetta Colony, Telephone Exchange Square, Central Avenue",440008.0,Maharashtra,OpenGovernmentData,,,,,,,,,,,,,,,,,,,,21.149727599999995,79.1152176,Central
POINT (79.069452 21.116752),,hospital,,,Desai Children and Surgical Hospital,,,,,Nagpur,"37 Ramkrishna Nagar ,Kamla Road",440015.0,Maharashtra,OpenGovernmentData,,,,,,,,,,,,,,,,,,,,21.116752500000004,79.0694518,Central
POINT (79.0626 21.139509),,hospital,,hospital,Sawali Ortho Hospital,,,,,Nagpur,"Datta Niwas, Hanuman Mandir Road,Dharampeth",440010.0,Maharashtra,OpenGovernmentData,,,,,,,,,,,,,,,,,,,,21.139509100000005,79.0626004,Central
POINT (79.060068 21.138712),,hospital,,hospital,Chaitanya Maternity Home and Endoscopy Center,,,,,Nagpur,"Above Andhra Bank, W.H.C. Road, Dharampeth",440001.0,Maharashtra,OpenGovernmentData,,,,,,,,,,,,,,,,,,,,21.138711700000005,79.0600681,Central
POINT (79.075494 21.133983),,hospital,,hospital,Mother Care Nursing Home,,,,,Nagpur,"5th Floor, Midas Hieghts, 7, Central Bazar Road, Ramdaspeth",440010.0,Maharashtra,OpenGovernmentData,,07122455648,https://mothercarenursinghome.in/,,,,,,,,,,,,,,,,,21.133982699999997,79.0754941,Central
POINT (79.080336 21.130916),,hospital,,hospital,Shrikhande Hospital and Research Center Pvt. Ltd.,,,,,Nagpur,"No. 34/2, Abhyankar Nagar,Abhyankar Road,Infront Of Ramkrishna Math,Dhantoli",440012.0,Maharashtra,OpenGovernmentData,,,,,,,,,,,,,,,,,,,,21.130916099999997,79.0803355,Central
POINT (79.071478 21.11436),,hospital,,,"Kothari Hospital, Nagpur",,,,,Nagpur,"18, Hindustan Colony, Opp Sai Mandir Wardha Road",440015.0,Maharashtra,OpenGovernmentData,,,,,,,,,,,,,,,,,,,,21.114360399999995,79.0714782,Central
POINT (79.10108 21.169958),,hospital,,,Prestos Madan Multispeciality Hospital,,,,,Nagpur,"Dr. Ambedkar Road, Indora, -17",440017.0,Maharashtra,OpenGovernmentData,,,,,,,,,,,,,,,,,,,,21.1699581,79.1010797,Central
POINT (79.060162 21.139724),,hospital,,hospital,"Rathi Hospital, Nagpur",,,,,Nagpur,"Opp Bank Of Maharashtra, Near Laxmi Bhavan Square W H C Road",440012.0,Maharashtra,OpenGovernmentData,,,,,,,,,,,,,,,,,,,,21.139724300000005,79.0601619,Central
POINT (79.100068 21.151748),,hospital,,hospital,Upcharya Institute Of Orthopaedic Surgery and Trauma Care Center,,,,,Nagpur,"62, Central Avenue, Near Gitanjali Theatre Square",440018.0,Maharashtra,OpenGovernmentData,,,,,,,,,,,,,,,,,,,,21.1517482,79.1000685,Central
POINT (79.057002 21.111577),,hospital,,,Badjates Hospital,,,,,Nagpur,"39, Ranapratap Nagar, S E Rly Colony, Iind Layout",440022.0,Maharashtra,OpenGovernmentData,,,,,,,,,,,,,,,,,,,,21.1115774,79.0570016,South
POINT (79.06192 21.133066),,hospital,,hospital,Central India Cancer Research Institute,,,,,Nagpur,"11,Shankar Nagar ,West High Court Road",440010.0,Maharashtra,OpenGovernmentData,,,,,,,,,,,,,,,,,,,,21.1330665,79.0619201,Central
POINT (79.117452 21.173283),,hospital,,,Aharnish Hospital,,,,,Nagpur,Rani Durgawati Chowk,440017.0,Maharashtra,OpenGovernmentData,,,,,,,,,,,,,,,,,,,,21.1732827,79.1174519,East
POINT (79.081054 21.138226),,hospital,,hospital,Brijmohan Taori Memorial Hospital,,,,,Nagpur,"Silver Palace, Opp-Yashwant Stadium",440012.0,Maharashtra,OpenGovernmentData,,,,,,,,,,,,,,,,,,,,21.1382257,79.0810543,Central
POINT (79.071593 21.114676),,hospital,,,Dr V E Tambe Critical Care Unit,,,,,Nagpur,"14, Hindustan Colony , Wardha Road",440015.0,Maharashtra,OpenGovernmentData,,,,,,,,,,,,,,,,,,,,21.114676300000003,79.0715928,Central
POINT (79.074335 21.133618),,hospital,,hospital,Chaturvedi Surgical Hospital,,,,,Nagpur,"First Floor, Shar-Hari Building 20, Central Bazar Road, Ramdaspeth",440010.0,Maharashtra,OpenGovernmentData,,,,,,,,,,,,,,,,,,,,21.133618100000003,79.0743354,Central
POINT (79.079924 21.130964),,hospital,,hospital,Ortho Relief Hospital and Research Centre,,,,,Nagpur,"19, Opposite Ramkrishna Math, Kali Mata Mandir, Dhantoli",440012.0,Maharashtra,OpenGovernmentData,,,https://www.orthoreliefhospital.com/,,,,admin@orthoreliefhospital.com,,,,,,,,,,,,,21.1309643,79.0799238,Central
POINT (79.078694 21.167953),,hospital,,,"Green City Hospital, Nagpur",,,,,Nagpur,"First Floor,Achraj Towers,Chhaoni",440013.0,Maharashtra,OpenGovernmentData,,,,,,,,,,,,,,,,,,,,21.1679533,79.07869400000001,Central
POINT (79.098553 21.171999),,hospital,,,Gurunanak Eye Hospital,,,,,Nagpur,"Indora Chowk, Kamptee Road , Police Station",440017.0,Maharashtra,OpenGovernmentData,,,,,,,,,,,,,,,,,,,,21.171999,79.0985531,Central
POINT (79.092218 21.180305),,hospital,,centre,Janta Maternity Home and Hospital,,,,,Nagpur,"NMC House No. 190/B, B. G. Shroff Girls High School, Jaripatka, Nagpur",440014.0,Maharashtra,OpenGovernmentData,,,,,,,,,,,Maternity Home,,Nagpur (Urban),,,,,,,21.1803051,79.0922177,Central
POINT (79.088711 21.187604),,hospital,,,G Kumar Arogyadham Ayurved Panchkarm Hospital and Research Institute,,,,,Nagpur,"238, Kasturba Nagar Nara Road, Jaripatka",440014.0,Maharashtra,OpenGovernmentData,,,,,,,,,,,,,,,,,,,,21.1876042,79.0887107,North
POINT (79.063104 21.183148),,hospital,,,Avadh Clinic and Nursing Home,,,,,Nagpur,"9-10, S.G. Colony, Mankapur Faras",440030.0,Maharashtra,OpenGovernmentData,,,,,,,,,,,,,,,,,,,,21.1831475,79.0631036,North
POINT (79.083057 21.159777),,hospital,,,Naidu Hospital,,,,,Nagpur,Chandra Vihar Mohan Nagar Kamptee Road,440001.0,Maharashtra,OpenGovernmentData,,,,,,,,,,,,,,,,,,,,21.1597766,79.0830566,Central
POINT (79.101836 21.146359),,hospital,,hospital,Sawarkar Multi Speciality Hospital,,,,,Nagpur,"Khadigramodyog Bhawan, Tilak Putla Gandhi Sagar Mahal , Tilak Pulla, Mahal",440002.0,Maharashtra,OpenGovernmentData,,,,,,,,,,,,,,,,,,,,21.1463587,79.1018361,Central
POINT (79.106566 21.143661),,hospital,,hospital,Dr Sawarkars Multi Speciality Clinical Care Hospital,,,,,Nagpur,"Khadi Gramodyog Bhawan, Tilak Putla, Gandhisagar, Mahal",440032.0,Maharashtra,OpenGovernmentData,,,,,,,,,,,,,,,,,,,,21.1436607,79.1065662,Central
POINT (79.103504 21.138857),,hospital,,hospital,Patil Hospital,,,,,Nagpur,"Near Kashibai Temple , New Shukrawari",440012.0,Maharashtra,OpenGovernmentData,,,,,,,,,,,,,,,,,,,,21.1388574,79.1035044,Central
POINT (79.111326 21.130191),,hospital,,hospital,Dr Gaikwad Critical Care Center Private Limited,,,,,Nagpur,"31, Reshimbag , Sakkardara Square , Umer , Road",440001.0,Maharashtra,OpenGovernmentData,,,,,,,,,,,,,,,,,,,,21.13019119999999,79.1113257,Central
POINT (79.117511 21.133841),,hospital,,hospital,Samadhan Hospital(Ayurved Panchakarma Hospital and Research Centre),,general,Nagpur,,Nagpur,"50, Ganesh Nagar",440009.0,Maharashtra,OpenGovernmentData,,,,,,,,,,,,,,,,,,,,21.133840900000003,79.1175111,Central
POINT (79.068596 21.106927),,hospital,,,Dhawale Hospital,,,,,Nagpur,"N-3, New Sneh Nagar Wardha Rod",440015.0,Maharashtra,OpenGovernmentData,,,,,,,,,,,,,,,,,,,,21.106926999999995,79.0685955,South
POINT (79.083089 21.133431),,hospital,,hospital,RNH Hospital,,,,,Nagpur,"Plot No. 40, Balraj Marg, Dhantoli",440010.0,Maharashtra,OpenGovernmentData,,,,,,,,,,,,,,,,,,,,21.1334311,79.0830888,Central
POINT (79.082109 21.106586),,hospital,,,Maxcare Hospital,,,,,Nagpur,"39, Saket Nagar, Near Narendra Nagar",440027.0,Maharashtra,OpenGovernmentData,,,,,,,,,,,,,,,,,,,,21.1065861,79.0821091,South
POINT (79.101062 21.168136),,hospital,,,Abhinav Multispeciality Hospital,,,,,Nagpur,"Nava Nakasha, Kamal Chowk, Lashkari Bagh",440017.0,Maharashtra,OpenGovernmentData,,,https://www.bhatnagarhospital.com/,,,,b_abhinav@hotmail.com,,,,,,,,,,,,,21.168135900000003,79.1010616,Central
POINT (79.048883 21.111379),,hospital,,,Gandhi Maternity and Nursing Home,,,,,Nagpur,"55, Swawalambi Nagar Behind Uco Bank",440022.0,Maharashtra,OpenGovernmentData,,,,,,,,,,,,,,,,,,,,21.1113791,79.0488826,West
POINT (79.078616 21.135199),,hospital,,hospital,Genesis Hospital & Research Centre,,,,,Nagpur,"Vasant Sheela Twin Twoer, 2nd Floor, OppositeLokmat Building",440010.0,Maharashtra,OpenGovernmentData,,,,,,,,,,,,,,,,,,,,21.1351992,79.0786155,Central
POINT (79.081007 21.134055),,hospital,,hospital,Mulik Hospital,,,,,Nagpur,Opp Dhantoli Park,440012.0,Maharashtra,OpenGovernmentData,,,,,,,,,,,,,,,,,,,,21.1340553,79.0810074,Central
POINT (79.082099 21.134093),,hospital,,hospital,Sparsh Urology and Kidney Hospital,,,,,Nagpur,"35, Balraj Marg Behind Navneet Book Depot, Dhantoli",440012.0,Maharashtra,OpenGovernmentData,,,,,,,,,,,,,,,,,,,,21.1340928,79.082099,Central
POINT (79.077857 21.159599),,hospital,,,Shanti Mohan Hospital,,,,,Nagpur,"1st Floor, Hif Complex Opp Saraf Chambers, Mount Road",440001.0,Maharashtra,OpenGovernmentData,,,,,,,,,,,,,,,,,,,,21.159599,79.0778571,Central
POINT (79.051641 21.132453),,hospital,,hospital,Gb Multicare Hospital,,,,,Nagpur,"Plot No.25,Hill Road,Near Panchsheel Vachnalaya,Gandhi Nagar",440010.0,Maharashtra,OpenGovernmentData,,,,,,,,,,,,,,,,,,,,21.1324529,79.0516412,West
POINT (79.077003 21.134457),,hospital,,hospital,Sood Eye Hospital,,,,,Nagpur,Shree Wardhan Complex Panchsheel Sq Wardha Road,440012.0,Maharashtra,OpenGovernmentData,,,,,,,,,,,,,,,,,,,,21.134456799999995,79.0770029,Central
POINT (79.074378 21.133668),,hospital,,hospital,Soni Hospital,,,,,Nagpur,"Opp Daga Hospital , Gandhibag",440002.0,Maharashtra,OpenGovernmentData,,,,,,,,,,,,,,,,,,,,21.1336675,79.0743783,Central
POINT (79.073853 21.116298),,hospital,,,Waghralkar Ayurved Hospital,,,,,Nagpur,"47, West Samarth Nagar, Ajani Chawk, Wardha Road",440014.0,Maharashtra,OpenGovernmentData,,,,,,,,,,,,,,,,,,,,21.116297700000004,79.0738526,Central
POINT (79.074111 21.134158),,hospital,,hospital,Shanta Spine Institute,,,,,Nagpur,"1 St Floor Ashirwad Complex, Central Bazar Road, Ramdaspeth",440010.0,Maharashtra,OpenGovernmentData,,,,,,,,,,,,,,,,,,,,21.1341579,79.0741114,Central
POINT (79.115959 21.125739),,hospital,,hospital,Mogre Hospital,,,,,Nagpur,"First Floor, Tajshree Govind , Umrer Road, Sakkardara Square",440009.0,Maharashtra,OpenGovernmentData,,,,,,,,,,,,,,,,,,,,21.1257386,79.1159594,Central
POINT (79.150211 21.150312),,hospital,,,Kubde Children Hospital and Premature Baby Unit,,,,,Nagpur,"L-12, Shraddha Appt. Hb Town, Old Padi Naka Sq.",440010.0,Maharashtra,OpenGovernmentData,,,,,,,,,,,,,,,,,,,,21.1503124,79.1502111,East
POINT (79.104204 21.15381),,hospital,,hospital,Jeswani Multispeciality Hospital,,,,,Nagpur,"Parek Centre, Opp Daga Hospital , Gandhibagh",440002.0,Maharashtra,OpenGovernmentData,,,,,,,,,,,,,,,,,,,,21.153810100000005,79.1042038,Central
POINT (79.077123 21.135108),,hospital,,hospital,Late Dr Anjani Mokadam Memorial Charitable Trust Anjani Eye Hospital,,,,,Nagpur,"No. 20, Farmland, Central Bazar Road, New Ramdaspeth",440010.0,Maharashtra,OpenGovernmentData,,,,,,,,,,,,,,,,,,,,21.1351079,79.0771229,Central
POINT (79.081905 21.134205),,hospital,,hospital,Mahajan Ortho and Surgical Hospital,,orthopaedics,,,Nagpur,"Vitthal Complex, 3Road Floor, Abhyankar Complex,Opposite Dhantoli Park Corner",440012.0,Maharashtra,OpenGovernmentData,,,,,novosalus,,,,,,,private,,,,,,,,21.1342054,79.0819046,Central
POINT (79.075509 21.134029),,hospital,,hospital,Midas Institute Of Gastroenterology,,,,,Nagpur,"07 Midas Height 4Th Floor , Central Bazar Road Ramdaspeth",440010.0,Maharashtra,OpenGovernmentData,,,,,,,,,,,,,,,,,,,,21.134028999999995,79.0755089,Central
POINT (79.081846 21.14541),,hospital,,hospital,Dr. Mangala Ketkar,,,,,Nagpur,"Temple Bazar Road, Sitabuldi",440012.0,Maharashtra,OpenGovernmentData,,,,,,,,,,,,,,,,,,,,21.1454099,79.0818463,Central
POINT (79.111963 21.149734),,hospital,,hospital,Central Avenue Critical Care Hospital and Icu,,,,,Nagpur,"Mahalaxmi Complex, 1st Floor, Central Avenue",440002.0,Maharashtra,OpenGovernmentData,,,,,,,,,,,,,,,,,,,,21.1497345,79.11196280000001,Central
POINT (79.079036 21.168584),,hospital,,,"Mauli Hospital, Nagpur",,,,,Nagpur,"Indra Sarye Apartments,Near Achraj Tower Ii,Chhindwara Road,Chhaoni",440013.0,Maharashtra,OpenGovernmentData,,,,,,,,,,,,,,,,,,,,21.168583599999995,79.07903600000002,Central
POINT (79.040996 21.173101),,hospital,,hospital,Shubham Diabetic and Medical Centre,,,,,Nagpur,"112, Friends Colony, Katol Road, Nagpur",440001.0,Maharashtra,OpenGovernmentData,,,,,,,,,,,,,,,,,,,,21.1731014,79.0409955,West
POINT (79.082395 21.133573),,hospital,,hospital,Columbia Hospital and Research Centre - Nagpur,,,,,Nagpur,"Hyatt Medicare,3Road Floor, Dr.N.B.Khare Marg Beside Getwell Hospital,Dhantoli",440012.0,Maharashtra,OpenGovernmentData,,,,,,,,,,,,,,,,,,,,21.1335731,79.0823948,Central
POINT (79.061298 21.143085),,hospital,,hospital,Dr Gadge's-Om Surgical Hospital and Trauma Centre,,,,,Nagpur,"West Height Court Road, Coffee House Square , Gokulpeth",440010.0,Maharashtra,OpenGovernmentData,,,,,,,,,,,,,,,,,,,,21.1430847,79.0612985,Central
POINT (79.100074 21.17286),,hospital,,,Littles Care Children Hospital,,,,,Nagpur,"Parvati Tower, Indora Chowk",440017.0,Maharashtra,OpenGovernmentData,,,,,,,,,,,,,,,,,,,,21.17286,79.10007390000001,Central
POINT (79.105078 21.096133),,hospital,,,Chikhale Multispeciality and Cancer Hospital,,,,,Nagpur,"Plot No. 01 , Dhyaneshwar Nagar , Near Dn Gate. Manewada Cement Road",440027.0,Maharashtra,OpenGovernmentData,,,,,,,,,,,,,,,,,,,,21.0961331,79.10507820000001,South
POINT (79.065212 21.093788),,hospital,,,"Mamta Hospital, Nagpur",,,,,Nagpur,"Laxmi Vihar,Near Hotel Man Singh,Wardha Road,Somalwada",440025.0,Maharashtra,OpenGovernmentData,,,,,,,,,,,,,,,,,,,,21.0937883,79.0652119,South
POINT (79.065076 21.101836),,hospital,,,Mahatme Eye Bank Eye Hospital,,,,,Nagpur,"2163, C, Chinataman Nagar, Near Rajiv Nagar, Somalwada",440025.0,Maharashtra,OpenGovernmentData,,,,,,,,,,,,,,,,,,,,21.1018355,79.0650755,South
POINT (79.056626 21.115144),,hospital,,,Shri Vyankatesh Multispeciality Hospital,,,,,Nagpur,"Bank Of India,Durga Mandir Road,Pratap Nagar",440022.0,Maharashtra,OpenGovernmentData,,,,,,,,,,,,,,,,,,,,21.115144099999995,79.0566264,South
POINT (79.069224 21.134847),,hospital,,hospital,Golhar Spine Care and Trauma Reaserch Institute,,,,,Nagpur,"124/126, Matrusmurti,Near Nandaji Temple & Indusind Bank, Opposite East High Court,Ramdas Peth",440010.0,Maharashtra,OpenGovernmentData,,,,,,,,,,,,,,,,,,,,21.1348474,79.0692241,Central
POINT (79.116759 21.125014),,hospital,,hospital,Dhokey Hospital,,,,,Nagpur,"Anand Palace, 7-B, Ayurvedic College Lay-Out, Sakkarudhara, Umred Road",440024.0,Maharashtra,OpenGovernmentData,,,,,,,,,,,,,,,,,,,,21.1250135,79.1167586,Central
POINT (79.112544 21.129299),,hospital,,hospital,"Kothalkar Ent, Maternity and Surgical Nursing Home",,,,,Nagpur,"No. 40, In Front Of Mohota Science College,Sakkardara Square, Reshimbag",440009.0,Maharashtra,OpenGovernmentData,,,,,,,,,,,,,,,,,,,,21.1292993,79.1125435,Central
POINT (79.109662 21.131522),,hospital,,hospital,Gillurkar Multispeciality Hospital,,,,,Nagpur,"20, Reshimbag, Umred Road , Near Sakkardara Square",440008.0,Maharashtra,OpenGovernmentData,,,,,,,,,,,,,,,,,,,,21.1315222,79.1096624,Central
POINT (79.080037 21.137289),,hospital,,hospital,Suretech Hospital and Research Centre,,,,,Nagpur,"13 - A, Radhika Prasad Banerjee Marg, Dhantoli",440012.0,Maharashtra,OpenGovernmentData,,0712 661 2999,https://suretech-hospital-research-center.business.site/,,,,,,,,,,,,,,,,,21.1372887,79.0800371,Central
POINT (79.060499 21.138931),,hospital,,hospital,Meher Nursing and Maternity Home,,,,,Nagpur,"4Th Floor, Above Dena Bank, Whc Road, Dharampeth",440001.0,Maharashtra,OpenGovernmentData,,,,,,,,,,,,,,,,,,,,21.1389312,79.06049920000001,Central
POINT (79.042675 21.179666),,hospital,,hospital,Tajkrupa Hospital,,,,,Nagpur,"Manmada Colony , Katol Road",440026.0,Maharashtra,OpenGovernmentData,,,,,,,,,,,,,,,,,,,,21.1796663,79.0426748,West
POINT (79.077157 21.135022),,hospital,,hospital,Ashwini Kidney and Dialysis Centre,,,,,Nagpur,"301/B, 401/B Neeti Gaurav Complex, 21 Central Bazar Road Ramdaspeth",440010.0,Maharashtra,OpenGovernmentData,,,,,,,,,,,,,,,,,,,,21.1350222,79.0771571,Central
POINT (79.055194 21.135361),,hospital,,hospital,Dr. V.M. Deo Memorial Hospital,,,,,Nagpur,"64, Shivajinagar, Off Lad College",440010.0,Maharashtra,OpenGovernmentData,,,,,,,,,,,,,,,,,,,,21.1353612,79.0551938,Central
POINT (79.079426 21.134664),,hospital,,hospital,Baheti Hospital,,,,,Nagpur,"Lokmat Square, Dhantoli, Nagpur",440002.0,Maharashtra,OpenGovernmentData,,,,,,,,,,,,,,,,,,,,21.1346645,79.0794256,Central
POINT (79.061686 21.108324),,hospital,,,G.T. Memorial Hospital and Icu,,,,,Nagpur,"110, Pande Layout, Khamla Road",440025.0,Maharashtra,OpenGovernmentData,,,,,,,,,,,,,,,,,,,,21.1083245,79.0616861,South
POINT (79.072768 21.1191),,hospital,,,Shushrusha Ortho and Spine Care Hospital,,,,,Nagpur,"Nky Towers, Ajni Sq Warda Road",440015.0,Maharashtra,OpenGovernmentData,,,,,,,,,,,,,,,,,,,,21.119100000000003,79.0727676,Central
POINT (79.104272 21.152962),,hospital,,hospital,Arihant Surgical and Maternity Hospital,,,,,Nagpur,"5, Parshwarsath Bhavan Opp: Dagar Hospital Gandhi Bogh",440002.0,Maharashtra,OpenGovernmentData,,,,,,,,,,,,,,,,,,,,21.1529621,79.1042722,Central
POINT (79.085467 21.140486),,hospital,,hospital,Platina Heart Hospital,,,,,Nagpur,"Dhaneshree Complex , Near Hotel Hardeo Sitabuldi",440012.0,Maharashtra,OpenGovernmentData,,,,,,,,,,,,,,,,,,,,21.140486,79.0854666,Central
POINT (79.116348 21.149186),,hospital,,hospital,Rahate Surgical Hospital,,,,,Nagpur,"501; Kolba Swami Chowk Central Avenue,Near Tele.Exchange, Central Avenue",440015.0,Maharashtra,OpenGovernmentData,,,,,,,,,,,,,,,,,,,,21.149186,79.1163482,Central
POINT (79.054297 21.114213),,hospital,,,Sreeprabha Othopaedic and Trauma Hospital / Shreeprabha Ortho and Accident Hospital,,,,,Nagpur,"No. 71, Vidhya Vihar Society,Ring Raod,Pratap Nagar",440022.0,Maharashtra,OpenGovernmentData,,,,,,,,,,,,,,,,,,,,21.114212799999997,79.0542973,West
POINT (79.060078 21.138755),,hospital,,hospital,Venkateswara Netralaya and Research Inst.,,,,,Nagpur,"2nd Floor, Above Andhra Bank, Whc Road, Dharampeth",440010.0,Maharashtra,OpenGovernmentData,,,,,,,,,,,,,,,,,,,,21.138754899999995,79.0600781,Central
POINT (79.102244 21.140312),,hospital,,hospital,Shree Ramjiwan Choudhary Memorial Hospital and Research Centre,,,,,Nagpur,"New Shukrawari, Choudhary Road, Opposite Ram Coolers, Mahal",440002.0,Maharashtra,OpenGovernmentData,,,,,,,,,,,,,,,,,,,,21.1403119,79.1022438,Central
POINT (79.060574 21.138963),,hospital,,hospital,Harsha Childrens Hospital and Maternity Home,,,,,Nagpur,"Sri Swami Arcade, 2nd Floor, Above Dena Bank, W H C Road, Dharampeth",440001.0,Maharashtra,OpenGovernmentData,,,,,,,,,,,,,,,,,,,,21.1389631,79.0605737,Central
POINT (79.0789 21.137749),,hospital,,hospital,Kalamkar Multi Speciality Hospital and Research Institute Pvt Ltd,,,,,Nagpur,"3Road Floor, Shreevardhan Complex, Near Big Bazar, Panchsheel Chowk, Ramdaspeth, Wardha Road",440012.0,Maharashtra,OpenGovernmentData,,,,,,,,,,,,,,,,,,,,21.137749199999995,79.0789005,Central
POINT (79.093179 21.182448),,hospital,,,Rughwani Child Care Centre and Hospital,,,,,Nagpur,"# 22, Sindhu Society, Mohanlal Rughwani Marg, Jaripatka",440014.0,Maharashtra,OpenGovernmentData,,,,,,,,,,,,,,,,,,,,21.1824485,79.09317930000002,North
POINT (79.072139 21.114003),,hospital,,,Dharmadhikari Hospital,,,,,Nagpur,"77, Hindustan Colony, Wardha Road",440015.0,Maharashtra,OpenGovernmentData,,,,,,,,,,,,,,,,,,,,21.1140033,79.0721387,Central
POINT (79.078948 21.13439),,hospital,,hospital,Shiv Ganga Hospital and Critical Care Centre,,,,,Nagpur,"24/A, Behind Mount Carmel School, Near Lokmat Square , Dhantoli",440012.0,Maharashtra,OpenGovernmentData,,,,,,,,,,,,,,,,,,,,21.1343905,79.0789475,Central
POINT (79.062597 21.1421),,hospital,,hospital,Dr. Uddanwadikar Maternity and Eye Hospital,,,,,Nagpur,"4, Hanuman Mandir Road, Khare Town, Dharampeth Near Coffee House Square",440010.0,Maharashtra,OpenGovernmentData,,,,,,,,,,,,,,,,,,,,21.1420996,79.0625967,Central
POINT (79.121621 21.15945),,hospital,,hospital,Khidmat Charitable Hospital and Research Centre,,,,,Nagpur,"167/2 A, Shantinagar",440002.0,Maharashtra,OpenGovernmentData,,,,,,,,,,,,,,,,,,,,21.1594502,79.1216214,Central
POINT (79.112507 21.149284),,hospital,,hospital,Saboo Hospital,,,,,Nagpur,"Umiya Chambers, Darodkar Chowk , Central Avenue Road",440032.0,Maharashtra,OpenGovernmentData,,,,,,,,,,,,,,,,,,,,21.1492842,79.1125066,Central
POINT (79.061136 21.145741),,hospital,,hospital,Sparsh Clinics,,,,,Nagpur,"40-A, Tilak Nagpur, Off West High Court Road",440010.0,Maharashtra,OpenGovernmentData,,,,,,,,,,,,,,,,,,,,21.145740799999995,79.0611362,Central
POINT (79.10288 21.188991),,hospital,,,Anantwar Eye Hospital,,,,,Nagpur,"No. 500, Powergrid Square,Nari Ring Road,Opposite Jagat Hall",440026.0,Maharashtra,OpenGovernmentData,,,,,,,,,,,,,,,,,,,,21.1889909,79.1028795,North
POINT (79.078028 21.133193),,hospital,,hospital,Shat Ayu Critical Care Polytrauma Centre and Multispeciality Hospital,,,,,Nagpur,"No. 8, Wardha Road",440012.0,Maharashtra,OpenGovernmentData,,,,,,,,,,,,,,,,,,,,21.1331934,79.0780275,Central
POINT (79.084284 21.170971),,hospital,,,Suraj Eye Institute - Nagpur,,,,,Nagpur,"559, New Colony, Nagpur Lane Opposite Play School Kindergarden Lane Opposite Play School Kindergarden",440001.0,Maharashtra,OpenGovernmentData,,,,,,,,,,,,,,,,,,,,21.170971,79.0842837,Central
POINT (79.067689 21.102908),,hospital,,,Sarakshi Netralaya,,,,,Nagpur,"A-201, 2nd Floor, Neeti Gaurav Complex, 21 Central Bazar Road, New Ramdaspeth",440010.0,Maharashtra,OpenGovernmentData,,,,,,,,,,,,,,,,,,,,21.102908300000003,79.0676889,South
POINT (79.080669 21.13199),,hospital,,hospital,Avanti Institute Of Cardiology,,,,,Nagpur,5 Abiyankar Road Abiyankar Road,440012.0,Maharashtra,OpenGovernmentData,,,,,,,,,,,,,,,,,,,,21.13199,79.0806694,Central
POINT (79.115637 21.130042),,hospital,,hospital,Lotus Hospitaland Research Centre and Maternity Home,,,,,Nagpur,"205, Omnagar Sakkardara Police Station Road, Tiranga Sq",440009.0,Maharashtra,OpenGovernmentData,,,,,,,,,,,,,,,,,,,,21.1300424,79.1156374,Central
POINT (79.06354 21.139856),,hospital,,hospital,"Sankalp Maternity Hospital, Nagpur",,,,,Nagpur,"11, Khare Town , Dharampeth",440010.0,Maharashtra,OpenGovernmentData,,,,,,,,,,,,,,,,,,,,21.1398562,79.0635395,Central
POINT (79.078423 21.137849),,hospital,,hospital,Gandhi Hospital,,,,,Nagpur,"C1,Shreevardhan Complex,First Floor,Wardha Road,Ramdaspeth",440010.0,Maharashtra,OpenGovernmentData,,,,,,,,,,,,,,,,,,,,21.1378492,79.0784231,Central
POINT (79.100786 21.173255),,hospital,,,Mukerji Nursing Home and Research Centre,,,,,Nagpur,"Ground Floor, Kamla Towers, Beside Jaswant Inox, Indora Chowk",440017.0,Maharashtra,OpenGovernmentData,,,,,,,,,,,,,,,,,,,,21.1732546,79.10078600000001,Central
POINT (79.10083 21.173177),,hospital,,,Ambade Eye Hospital,,,,,Nagpur,"1st Floor,Kamla Towers, Near Jaswant Talkies, Indora Chowk,Kamptee Road",440002.0,Maharashtra,OpenGovernmentData,,,,,,,,,,,,,,,,,,,,21.1731771,79.1008303,Central
POINT (79.118026 21.130661),,hospital,,,Rajgire Hospital,,,,,,,,,,,,,,,,,,,2019-12-22,,,,,,,,,,21.1306606,79.1180256,Central
POINT (79.076593 21.135691),,hospital,,hospital,Rajan Neonatal Care Unit,,,,,Nagpur,"B/303, 3rd Floor, Neeti Gaurav Complex, Ramdaspeth",440012.0,Maharashtra,OpenGovernmentData,,,,,,,,,,,,,,,,,,,,21.1356908,79.07659310000001,Central
POINT (79.105853 21.154327),,hospital,,hospital,"Vyas Hospital, Gandhibagh",,,,,Nagpur,"Tin -Nai Chowk, Gandhibagh",440022.0,Maharashtra,OpenGovernmentData,,,,,,,,,,,,,,,,,,,,21.1543273,79.1058527,Central
POINT (79.098316 21.130765),,hospital,,,Deoghare Hospital,,,,,Nagpur,"Below Cancer Hospital, Near Medical Chowk, Hanuman Nagar",440018.0,Maharashtra,OpenGovernmentData,,,,,,,,,,,,,,,,,,,,21.1307648,79.0983157,Central
POINT (79.079953 21.138628),,hospital,,hospital,Suprathet Hospital,,,,,Nagpur,"First Floor, Rajkamal Commercial Complex, Opposite Tilak Patrakar Bhawan, Panchsheel Square",440012.0,Maharashtra,OpenGovernmentData,,,,,,,,,,,,,,,,,,,,21.1386285,79.0799533,Central
POINT (79.124288 21.148723),,hospital,,hospital,Anuradha Back Pain and Endoscopic Spinal Surgery Centre,,,,,Nagpur,"274, Lakadgang Layout, ,Chaprunagar Chowk, C A Road",440008.0,Maharashtra,OpenGovernmentData,,,,,,,,,,,,,,,,,,,,21.1487226,79.1242875,Central
POINT (79.070446 21.132851),,hospital,,hospital,Krims Apollo Hospital,,,,,Nagpur,Central Bazar Road,440010.0,Maharashtra,OpenGovernmentData,,,,,,,,,,,,,,,,,,,,21.1328507,79.0704462,Central
POINT (79.074158 21.134072),,hospital,,hospital,Gananam Surgical and Maternity Home,,,,,Nagpur,"Aashirwad commercial Complex 34/2, Farmland, Central Bazar Road, Ramdaspeth",440010.0,Maharashtra,OpenGovernmentData,,,,,,,,,,,,,,,,,,,,21.1340716,79.0741584,Central
POINT (79.063297 21.13679),,hospital,,hospital,Matru Sewa Sangh,,,,,Nagpur,Sitabulding,440010.0,Maharashtra,OpenGovernmentData,,,,,,,,,,,,,,,,,,,,21.1367904,79.0632968,Central
POINT (79.116738 21.125857),,hospital,,hospital,Shree Hospitals and Critical Care Centre,,,,,Nagpur,"799, Omnagar Opp Tajshree Tower,Sakkadara Square",440024.0,Maharashtra,OpenGovernmentData,,,,,,,,,,,,,,,,,,,,21.1258567,79.1167384,Central
POINT (79.070752 21.132947),,hospital,,hospital,Marathe Child Care Hospital,,,,,Nagpur,"310, 3Road Floor, Aashirwad Commercial Complex, Central Bazar Road, Ramaspeth",440010.0,Maharashtra,OpenGovernmentData,,,,,,,,,,,,,,,,,,,,21.132947,79.070752,Central
POINT (79.114506 21.129677),,hospital,,hospital,Green City Multispeciality Hospital,,,,,Nagpur,"8, Near Dhantoli Police Station,Mehadia Chowk",440002.0,Maharashtra,OpenGovernmentData,,,,,,,,,,,,,,,,,,,,21.1296767,79.1145059,Central
POINT (79.103466 21.104815),,hospital,,hospital,"Keshav Hospital, Nagpur",,,,,Nagpur,"117, Manewada Sq. Ring Road , Nagpur,Maharashtra,",440001.0,Maharashtra,OpenGovernmentData,,,,,,,,,,,,,,,,,,,,21.104815099999986,79.1034655,South
POINT (79.032949 21.118266),,hospital,,,Akruti Hospital,,,,,Nagpur,"Ring Road, Jaitala Square",440019.0,Maharashtra,OpenGovernmentData,,,,,,,,,,,,,,,,,,,,21.1182656,79.0329489,West
POINT (79.097733 21.15666),,hospital,,hospital,Hadi Children Hospital,,,,,Nagpur,Mominpura,440018.0,Maharashtra,OpenGovernmentData,,,,,,,,,,,,,,,,,,,,21.156660500000005,79.097733,Central
POINT (79.117423 21.125258),,hospital,,hospital,Mother and Child Care Hospital,,,,,Nagpur,"805, Bhande Plot Chowk, Sudampuri, Umred Road",440009.0,Maharashtra,OpenGovernmentData,,,,,,,,,,,,,,,,,,,,21.125258099999996,79.1174231,Central
POINT (79.068605 21.136218),,hospital,,hospital,Sunflower Hospitals,,,,,Nagpur,"Maya, 3, East High Court Road, New Ramdaspeth",440011.0,Maharashtra,OpenGovernmentData,,,https://www.sunflowershospitals.com/,,,,sunflowerhospitals@gmail.com,,,,,,,,,,,,,21.1362178,79.0686049,Central
POINT (79.114428 21.129159),,hospital,,hospital,Dashputra Hospital,,,,,Nagpur,"208, Anand Nagar, Opposite Sakkardara Police Station",440009.0,Maharashtra,OpenGovernmentData,,,,,,,,,,,,,,,,,,,,21.1291592,79.1144277,Central
POINT (79.08041 21.137546),,hospital,,hospital,Mahajan Children Hospital,,,,,Nagpur,"W Park Rd, Opposite Big Bazaar, Dhantoli",440012.0,Maharashtra,OpenGovernmentData,,,,,,,,,,,,,,0712 246 0789,,,,,,21.1375455,79.0804095,Central
POINT (79.103245 21.156684),,hospital,,hospital,Dorlikar Orthopaedic bone Hospital,,,,,Nagpur,"Golibar chowk, Timki Road, Panchpaoli",440018.0,Maharashtra,OpenGovernmentData,,,,,,,,,,,,,,,,,,,,21.1566836,79.1032447,Central
POINT (79.1014 21.156564),,hospital,,hospital,Faheem Qureshi Hospital,,,,,Nagpur,"Timki, Hansapuri,Mominpura Road",440018.0,Maharashtra,OpenGovernmentData,,,,,,,,,,,,,,,,,,,,21.1565637,79.1013995,Central
POINT (79.075514 21.134502),,hospital,,hospital,"Dr. Alankar A Ramteke, Arthritis & Joint Replacement Clinic",,,,,Nagpur,"C-21, 4th Floor, Yugadharm Complex, Ramdaspeth",440010.0,Maharashtra,OpenGovernmentData,,,,,,,,,,,,,,,,,,,,21.1345018,79.0755145,Central
POINT (79.074786 21.133785),,hospital,,hospital,Bodhankar Childrens Hospital,,,,,Nagpur,"Shar-Hari Apartment, opposite Somalwar Junior College & Somalwar High School",440010.0,Maharashtra,OpenGovernmentData,,,,,,,,,,,,,,,,,,,,21.133784800000004,79.0747858,Central
POINT (79.06349 21.12591),IN,hospital,,hospital,Torney Maternity And Laparoscopy Hospital,,,Nagpur,South Ambazari Road,Nagpur,"Ambazari Rd, Near Laxmi Nagar Square, Laxmi Nagar",440022.0,Maharashtra,OpenGovernmentData,,,,,,,,,,,,,,,,,,,,21.1259103,79.0634899,Central
POINT (79.094649 21.15405),,hospital,,hospital,Indira Gandhi Government Medical College and Hospital,Q1149,,,,Nagpur,"Central Avenue Road, Mominpura",440018.0,Maharashtra,OpenGovernmentData,,,,,,,,,,,Medical Colleges Hospital,,Nagpur (Urban),,,,,,,21.15405,79.094649,Central
POINT (79.129212 21.119365),,hospital,,,Super speciality Hospital,,,,,Nagpur,"Super speciality Hospital, Hanuman Nagar",440009.0,Maharashtra,OpenGovernmentData,,,,,,,,,,,,,Nagpur (Urban),,,,,,,21.119365,79.12921200000001,East
POINT (79.090839 21.13521),,hospital,,hospital,"Isolation Hospital Imamwada, Nagpur",,,,,Nagpur,"Rmabagh Road, Rambagh, Imamwada",440003.0,Maharashtra,OpenGovernmentData,,,,,,,,,,,,,Nagpur (Urban),,,,,,,21.135210000000004,79.090839,Central
POINT (79.102462 21.175538),,hospital,,,"Dr. Babasaheb Ambedkar Hospital and Research Centre, Nagpur",,,,,Nagpur,"338, Kamptee Road, New Indora, Nagpur",440002.0,Maharashtra,OpenGovernmentData,,,,,,,,,,,District Hospital,,Nagpur (Urban),,,,,,,21.1755377,79.1024618,Central
POINT (79.06574 21.208788),,hospital,,,Barade Nursing Home,,,,,Nagpur,"Godhani Road, Nagpur",441111.0,Maharastra,Local Knowledge,,,,,,,,,,,,,,,,,,,,21.2087879,79.0657403,North
POINT (79.069935 21.185542),,hospital,,,Mujawar Nursing Home,,,,,Nagpur,"Awastinagar Road, Near Ring Road, Mansarovar Colony, Jafar Nagar, New Mankapur, Nagpur",440013.0,Maharastra,Local Knowledge,,,,,,,,,,,,,,,,,,,,21.1855423,79.0699354,North
POINT (79.09146 21.172798),,hospital,,,Jamshed Ji Tata Municipal Hospital,,,,,Nagpur,"Bezonbagh, Nagpur",440003.0,Maharastra,Local Knowledge,,,,,,,,,,,,,,,,,,,,21.1727983,79.0914599,Central
POINT (79.101071 21.172099),,hospital,,,Parlewar Hospital,,,,,Nagpur,"Buddha Nagar, Balabhaupeth, Nagpur",440002.0,Maharastra,Local Knowledge,,,,,,,,,,,,,,,,,,,,21.172099,79.1010707,Central
POINT (79.083428 21.144979),,hospital,,hospital,Dik Hospital,,,,,Nagpur,"Sitabuldi, Nagpur",440012.0,Maharastra,Local Knowledge,,,,,,,,,,,,,,,,,,,,21.144979,79.083428,Central
POINT (79.084802 21.154584),,hospital,,hospital,Kingsway Hospitals,,,,,Nagpur,"Kingsway Road, Near Kasturchand Park, Mohan Nagar, Nagpur",440001.0,Maharastra,Local Knowledge,,,,,,,,,,,,,,,07:00 am to 10:00 am,,,,,21.154584,79.0848019,Central
POINT (79.096272 21.152421),,hospital,,hospital,Yadav Multispeciality Hospital,,,,,Nagpur,"Dosar Veshya Bhawan Chowk, Central Avenue Road, Opp. Hotel Skylark, Nagpu",440018.0,Maharastra,Local Knowledge,,,,,,,,,,,,,,,,,,,,21.152421000000004,79.096272,Central
POINT (79.096779 21.164788),,hospital,,,Dr. Wahane Nursing Home,,,,,Nagpur,"Plot No.29, Kashmiri Gali, Lashkari Bagh Road, Ansar Nagar, Bhosarewadi, Nagpur",440017.0,Maharastra,Local Knowledge,,,,,,,,,,,,,,,,,,,,21.164788000000005,79.096779,Central
POINT (79.081486 21.131159),,hospital,,hospital,Heart Hospital,,,,,Nagpur,"Dhantoli, Nagpur",440012.0,Maharastra,Local Knowledge,,,,,,,,,,,,,,,,,,,,21.1311587,79.0814864,Central
POINT (79.079033 21.169052),,hospital,,,Metro Multi Speciality Hospital,,,,,Nagpur,"Chhaoni Square, Chhindwara Road, Nagpur",440013.0,Maharastra,Local Knowledge,,,,,,,,,,,,,,,,,,,,21.169052,79.0790331,Central
POINT (79.094075 21.173418),,hospital,,,Nalin Hospital,,,,,Nagpur,"Chaitanya Apartment, Clarke Town, Bezonbagh, Nagpur",440004.0,Maharastra,Local Knowledge,,,,,,,,,,,,,,,,,,,,21.1734185,79.0940751,Central
POINT (79.062356 21.183289),,hospital,,,Osmania Nursing Home,,,,,Nagpur,"Jafar Nagar Road, Rathod Layout, New Mankapur, Nagpur",440013.0,Maharastra,Local Knowledge,,,,,,,,,,,,,,,,,,,,21.183288999999995,79.0623556,North
POINT (79.084511 21.137428),,hospital,,hospital,Green City Hospital,,,,,Nagpur,"Police Station, Tikekar Road, Mehadia Square, Near Dhantoli, Nagpur",440012.0,Maharastra,Local Knowledge,,,,,,,,,,,,,,,,,,,,21.137428,79.084511,Central
POINT (79.082406 21.157616),,hospital,,,VIMS Hospital,,,,,Nagpur,"Kamptee Road, LIC Square, Mohan Nagar, Nagpur",440001.0,Maharastra,Local Knowledge,,,,,,,,,,,,,,,,,,,,21.157615499999995,79.0824063,Central
POINT (79.097229 21.164649),,hospital,,,Life Line Hospital,,,,,Nagpur,"Bhoslewadi, Lashkari Bagh, Awale Chowk, Bhankhera, Kamaal Chok, Nagpur",440017.0,Maharastra,Local Knowledge,,,,,,,,,,,,,,,,,,,,21.164649000000004,79.0972288,Central
POINT (79.097981 21.172195),,hospital,,,Dapke Children Hospital,,,,,Nagpur,"Shree Complex, Near Indora Police Chowki, Indora, Bezonbagh, Nagpur",440004.0,Maharastra,Local Knowledge,,,,,,,,,,,,,,,,,,,,21.172195,79.097981,Central
POINT (79.101871 21.158751),,hospital,,hospital,Multani Hospital,,,,,Nagpur,"Darodkar Square, Itwari, Highschool, Darodkar Square, Nagpur",440002.0,Maharastra,Local Knowledge,,,,,,,,,,,,,,,,,,,,21.158751,79.101871,Central
POINT (79.053714 21.146752),,hospital,,,Dr. B.R. Shukla Hospital,,,,,Nagpur,"Telankhedi, Near Agrasen Chhatravas, Amravati Road, Ram Nagar, Nagpur",440010.0,Maharastra,Local Knowledge,,,,,,,,,,,,,,,,,,,,21.146752000000003,79.0537139,Central
POINT (79.112954 21.180741),,hospital,,,Best Orthopaedic Surgeon,,,,,Nagpur,"Kamptee Road, Next to Go gas Pump, Teka Naka, Nagpur",440017.0,Maharastra,Local Knowledge,,,,,,,,,,,,,,,,,,,,21.1807407,79.1129537,North
POINT (79.100238 21.171868),,hospital,,,Nitnavare Hospital,,,,,Nagpur,"Dr Ambedkar Road, Bharat Jyoti Society, Bezonbagh, Nagpur",440002.0,Maharastra,Local Knowledge,,,,,,,,,,,,,,,,,,,,21.1718675,79.1002384,Central
POINT (79.09704 21.158882),,hospital,,hospital,Central Hospital,,,,,Nagpur,"Kabrastan Road, Bakramandi, Mominpura, Nagpur",440018.0,Maharastra,Local Knowledge,,,,,,,,,,,,,,,,,,,,21.1588822,79.0970395,Central
POINT (79.061766 21.138907),,hospital,,hospital,Sai Eye Hospital,,,,,Nagpur,"Nanaji Shastri Marg, Behind Batuk Bhai Jewellers, Khare Town, Dharampeth, Nagpur",440010.0,Maharastra,Local Knowledge,,,,,,,,,,,,,,,,,,,,21.1389067,79.0617659,Central
POINT (79.052967 21.146746),,hospital,,,Dr. Vasalti Raut General Hospital,,,,,Nagpur,"Ram Nagar, Nagpur",440010.0,Maharastra,Local Knowledge,,,,,,,,,,,,,,,,,,,,21.146746,79.052967,Central
POINT (79.083478 21.133639),,hospital,,hospital,Dr. Pandit Hospital,,,,,Nagpur,"Omkar Towers, Tikekar Road, Dhantoli, Nagpur",440012.0,Maharastra,Local Knowledge,,,,,,,,,,,,,,,,,,,,21.133639,79.0834775,Central
POINT (79.083924 21.132975),,hospital,,hospital,Super Hospital,,,,,Nagpur,"Humpyard Road, Choti Dhantoli, Dhantoli, Nagpur",440012.0,Maharastra,Local Knowledge,,,,,,,,,,,,,,,,,,,,21.132974899999997,79.0839237,Central
POINT (79.082906 21.129759),,hospital,,hospital,Safal Hospital,,,,,Nagpur,"Deodia Congress Bhawan, Chandrapur - Mul - Nagbhir - Nagpur Highway, Chhota Loharpura, Gandhibagh, Nagpur,",440018.0,Maharastra,Local Knowledge,,,,,,,,,,,,,,,,,,,,21.129758899999995,79.0829058,Central
POINT (79.078871 21.137766),,hospital,,hospital,Arora Hospital,,,,,Nagpur,"Shree Vardhan Complex, Vardha Road, Ramdaspeth, Near Big Bazar, Nagpur",440012.0,Maharastra,Local Knowledge,,,,,,,,,,,,,,,,,,,,21.137766000000003,79.078871,Central
POINT (79.084542 21.137122),,hospital,,hospital,"Dr. Yogesh Waikar Child Gastroenterologist, Hepatologist & Endoscopist",,,,,Nagpur,"Dhantoli, Nagpur",440012.0,Maharastra,Local Knowledge,,,,,,,,,,,,,,,,,,,,21.1371222,79.0845415,Central
POINT (79.091212 21.173214),,hospital,,,Bocardo Hospital,,,,,Nagpur,"Mecosabagh Christian Colony, Nagpur",440003.0,Maharastra,Local Knowledge,,,,,,,,,,,,,,,,,,,,21.173214399999992,79.0912115,Central
POINT (79.077813 21.19086),,hospital,,,Madnani Hospital,,,,,Nagpur,"Zingabai Takali Road, Adarsh Nagar, Nagpur",440030.0,Maharastra,Local Knowledge,,,,,,,,,,,,,,,,,,,,21.19086,79.0778128,North
POINT (79.079189 21.183612),,hospital,,,Kunal Hospital,,,,,Nagpur,"Koradi Road, Mankapur, Chowk, Jafar Nagar, Naxen Society, Nagpur",440030.0,Maharastra,Local Knowledge,,,,,,,,,,,,,,,,,,,,21.1836122,79.079189,North
POINT (79.055454 21.177244),,hospital,,,Welkin Multispeciality Hospital,,,,,Nagpur,"Bupeshnagar, Nagpur",440013.0,Maharastra,Local Knowledge,,,,,,,,,,,,,,,,,,,,21.177244500000004,79.055454,North
POINT (79.041272 21.1498),,hospital,,,Royal Hospital,,,,,Nagpur,"Seminary Hills, Nagpur",440021.0,Maharastra,Local Knowledge,,,,,,,,,,,,,,,,,,,,21.149799999999995,79.041272,West
POINT (79.064761 21.18363),,hospital,,,Kalbande Hospital,,,,,Nagpur,"Sahayognagar, Behind Police Linetakli, Nagpur",440013.0,Maharastra,Local Knowledge,,,,,,,,,,,,,,,,,,,,21.1836297,79.0647607,North
POINT (79.050186 21.148378),,hospital,,,Icon Hospital - Super speciality Hospital,,,,,Nagpur,"Amravati Road, Bharatnagar, Nagpur",440033.0,Maharastra,Local Knowledge,,,,,,,,,,,,,,,,,,,,21.1483782,79.0501856,Central
POINT (79.079879 21.13807),,hospital,,hospital,Colours Children Hospital,,,,,Nagpur,"3rd Jasleen Big Bazar Panchsheel Square, Dhantoli, Nagpur",440012.0,Maharastra,Local Knowledge,,,,,,,,,,,,,,,,,,,,21.138069600000005,79.079879,Central
POINT (79.060608 21.182236),,hospital,,,Meher Nursing Home,,,,,Nagpur,"Meher Kripa, Near Aashirwad Provision, Nagpur",440013.0,Maharastra,Local Knowledge,,,,,,,,,,,,,,,,,,,,21.1822365,79.0606076,North
POINT (79.079639 21.186813),,hospital,,,Usha Memorial Hospital,,,,,Nagpur,"Chhindwara Road, Behind Bank Of India, New Mankapur, Nagpur",440030.0,Maharastra,Local Knowledge,,,,,,,,,,,,,,,,,,,,21.1868133,79.0796389,North
POINT (79.085834 21.183222),,hospital,,,Apex Hospital,,,,,Nagpur,"Dayanand Park Road, Near CMPDI, Kasturba Nagar, Jaripatka, Nagpur",440014.0,Maharastra,Local Knowledge,,,,,,,,,,,,,,,,,,,,21.183222200000003,79.0858336,North
POINT (79.085301 21.140541),,hospital,,hospital,Criticare Hospital & Research Institute,,,,,Nagpur,"Dhanshri Complex, 4th Floor, Humpyard Road, Near Hardeo Hotel, Sitabuldi, Nagpur",440012.0,Maharastra,Local Knowledge,,,,,,,,,,,,,,,,,,,,21.140541200000005,79.0853012,Central
POINT (79.075048 21.134379),,hospital,,hospital,Nectar Hospital,,,,,Nagpur,"Central Bazar Road, Near Somalwar High School, Ramdaspeth, Nagpur",440010.0,Maharastra,Local Knowledge,,,,,,,,,,,,,,,,,,,,21.134379,79.075048,Central
POINT (79.079683 21.136587),,hospital,,hospital,Columbia Hospital,,,,,Nagpur,"Hayatt Building, 3rd Floor, Dhantoli, Nagpur",440012.0,Maharastra,Local Knowledge,,,,,,,,,,,,,,,,,,,,21.136587,79.0796834,Central
POINT (79.071641 21.190002),,hospital,,,Arogyam Superspeciality Hospital,,,,,Nagpur,"Zingabai Takali Road, Nagpur",440030.0,Maharastra,Local Knowledge,,,,,,,,,,,,,,,,,,,,21.190002,79.071641,North
POINT (79.056722 21.144719),,hospital,,hospital,Dande Hospital,,,,,Nagpur,"Hill Road, Ram Nagar, Nagpur",440010.0,Maharastra,Local Knowledge,,,,,,,,,,,,,,,,,,,,21.144718699999995,79.0567217,Central
POINT (79.108579 21.175561),,hospital,,,Dr. M Hospital,,,,,Nagpur,"Teka Naka Kamptee Road, Teka Naka, Nagpur",440017.0,Maharastra,Local Knowledge,,,,,,,,,,,,,,,,,,,,21.175561,79.1085787,Central
POINT (79.103654 21.152424),,hospital,,hospital,Orthonova Hospital,,,,,Nagpur,"2nd Floor, Lal Imli Chowk, Gandhibag, Above Oriental Bank of Commerce, Nagpur",440002.0,Maharastra,Local Knowledge,,,,,,,,,,,,,,,,,,,,21.1524244,79.1036542,Central
POINT (79.076631 21.174145),,hospital,,,Dr. Mohammad Zakir,,,,,Nagpur,"Vijay Nagar Road, Rajnagar, Nagpur",440013.0,Maharastra,Local Knowledge,,,,,,,,,,,,,,,,,,,,21.174144700000003,79.0766306,Central
POINT (79.085243 21.138068),,hospital,,hospital,Neuron Hospital,,,,,Nagpur,"Police Station Road, Opp. Dhantoli, Ramdaspeth, Nagpur",440012.0,Maharastra,Local Knowledge,,,,,,,,,,,,,,,,,,,,21.1380677,79.0852427,Central
POINT (79.078278 21.132486),,hospital,,hospital,Nelson Mother and Child Care Hospital,,,,,Nagpur,"Behind Hitavada Press, Dhantoli, Nagpur",440012.0,Maharastra,Local Knowledge,,,,,,,,,,,,,,,,,,,,21.132485700000004,79.0782776,Central
POINT (79.058237 21.140928),,hospital,,hospital,Chinmaya Children & Surgical Hospital,,,,,Nagpur,"Library, Ramkrishna Apartment, 1st Floor, Near Rajaram Dixit, Gokulpeth, Nagpur",440010.0,Maharastra,Local Knowledge,,,,,,,,,,,,,,,,,,,,21.1409282,79.058237,Central
POINT (79.103885 21.177014),,hospital,,,Tirpude Hospital,,,,,Nagpur,"Chalks Colony, Kamptee Road, Nagpur",440026.0,Maharastra,Local Knowledge,,,,,,,,,,,,,,,,,,,,21.1770142,79.103885,Central
POINT (79.082129 21.134065),,hospital,,hospital,Wockartd Hospital,,,,,Nagpur,"Balraj Marg, Dhantoli, Nagpur",440012.0,Maharastra,Local Knowledge,,,,,,,,,,,,,,,,,,,,21.1340647,79.0821294,Central
POINT (79.098436 21.172552),,hospital,,,Godani Multi Speciality Hospital,,,,,Nagpur,"Kamptee Road, Indora, New Indora, Nagpur",440004.0,Maharastra,Local Knowledge,,,,,,,,,,,,,,,,,,,,21.172552,79.098436,Central
POINT (79.051245 21.175758),,hospital,,hospital,R. R. Nursing Home,,,,,Nagpur,"Katol Road, KT Nagar, Nagpur",440013.0,Maharastra,Local Knowledge,,,,,,,,,,,,,,,,,,,,21.175757900000004,79.0512447,West
POINT (79.091945 21.183386),,hospital,,,Gurbani Hospital,,,,,Nagpur,"Dayanand Park Road, Jaripatka, Nagpur",440014.0,Maharastra,Local Knowledge,,,,,,,,,,,,,,,,,,,,21.1833863,79.0919452,North
POINT (79.099834 21.171902),,hospital,,,Shashwat Hospital,,,,,Nagpur,"Nirmal Bhavan, Dr BR Ambedkar Marg, Indora, Chowk, Nagpur",440017.0,Maharastra,Local Knowledge,,,,,,,,,,,,,,,,,,,,21.1719022,79.0998343,Central
POINT (79.096258 21.170172),,hospital,,,Venus Critical Care Hospital,,,,,Nagpur,"Kamptee Road, Dobi Nagar, Bezonbagh, Nagpur",440014.0,Maharastra,Local Knowledge,,,,,,,,,,,,,,,,,,,,21.1701724,79.0962576,Central
POINT (79.08308 21.132706),,hospital,,hospital,Pandit Maternity & Nursing Home,,,,,Nagpur,"Humpyard Road, Dhantoli, Nagpur",440012.0,Maharastra,Local Knowledge,,,,,,,,,,,,,,,,,,,,21.1327063,79.0830804,Central
POINT (79.078536 21.134868),,hospital,,hospital,Healthcity Children Hospital,,,,,Nagpur,"Aurangabad-Nagpur Road, Lokmat Square, Dhantoli, Nagpur",440012.0,Maharastra,Local Knowledge,,,,,,,,,,,,,,,,,,,,21.134867499999995,79.0785363,Central
POINT (79.117612 21.149097),,hospital,,hospital,Manorama Hospital,,,,,Nagpur,"Central Avenue, Queta Colony, Wardhaman Nagar Colony, Nagpur",440008.0,Maharastra,Local Knowledge,,,,,,,,,,,,,,,,,,,,21.1490972,79.1176121,Central
POINT (79.118034 21.124008),,hospital,,hospital,Wanjari Hospital,,,,,Nagpur,"Umrer Road, Bhande Plot Chowk, Raghuji Nagar, Nagpur",440009.0,Maharastra,Local Knowledge,,,,,,,,,,,,,,,,,,,,21.124008199999995,79.1180338,Central
POINT (79.079754 21.094776),,hospital,,,Iris Eye Hospital,,,,,Nagpur,"Above Syndicate Bank, Opp Ajanta Marble ,1 km from Railway Crossing, Somalwada Road, Manish Nagar, Somalwada, Nagpur",440015.0,Maharastra,Local Knowledge,,,,,,,,,,,,,,,,,,,,21.09477649999999,79.0797539,South
POINT (79.117023 21.124069),,hospital,,hospital,Suryodaya Multispeciality Hospital,,,,,Nagpur,"Ayurvedic Layout, Azamshah Layout, Nagpur",440009.0,Maharastra,Local Knowledge,,,,,,,,,,,,,,,,,,,,21.1240692,79.1170231,Central
POINT (79.114254 21.127863),,hospital,,hospital,Anmol Maternity & Nursing Home,,,,,Nagpur,"Umrer Road, Sakkardara Chowk, Azamshah Layout, Nagpur",440009.0,Maharastra,Local Knowledge,,,,,,,,,,,,,,,,,,,,21.127863000000005,79.1142545,Central
POINT (79.077771 21.093294),,hospital,,,Child Hospital,,,,,Nagpur,"Beltarodi Road, Maghre Layout, Manish Nagar, Somalwada, Nagpur",440027.0,Maharastra,Local Knowledge,,,,,,,,,,,,,,,,,,,,21.0932935,79.0777707,South
POINT (79.073112 21.100352),,hospital,,,Puri Hospital and Maternity Home,,,,,Nagpur,"Railway Crossing Road, Guru Datta Colony, Manish Nagar, Somalwada, Nagpur",440015.0,Maharastra,Local Knowledge,,,,,,,,,,,,,,,,,,,,21.1003517,79.073112,South
POINT (79.12203 21.145237),,hospital,,hospital,Somani Hospital,,,,,Nagpur,"Bagadganj Cement Road, Surya Nagar, Nagpur",440008.0,Maharastra,Local Knowledge,,,,,,,,,,,,,,,,,,,,21.145237,79.12203,Central
POINT (79.104942 21.120371),,hospital,,hospital,Shree Vighnaharta Hospital,,,,,Nagpur,"Manewada Road, Jawahar Nagar, Ayodhya Nagar, Nagpur",440024.0,Maharastra,Local Knowledge,,,,,,,,,,,,,,,,,,,,21.120370699999995,79.1049421,Central
POINT (79.13432 21.147794),,hospital,,hospital,Biranjan Hospital,,,,,Nagpur,"In Royal Apartment, Central Avenue, Near Vardhman Nagar Chowk, Uday Nagar, Wardhaman Nagar Colony, Nagpur,",440008.0,Maharastra,Local Knowledge,,,,,,,,,,,,,,,,,,,,21.147794,79.13432000000002,East
POINT (79.102154 21.097166),,hospital,,,Yashoda Hospital,,,,,Nagpur,"Geeta Nagar, Manewada, Nagpur",440034.0,Maharastra,Local Knowledge,,,,,,,,,,,,,,,,,,,,21.097165999999994,79.1021542,South
POINT (79.104648 21.125916),,hospital,,hospital,Panacea Multi Speciality Hospital,,,,,Nagpur,"Ridge Road, Hanuman Nagar, Nagpur",440003.0,Maharastra,Local Knowledge,,,,,,,,,,,,,,,,,,,,21.125915700000004,79.1046481,Central
POINT (79.160277 21.15098),,hospital,,,Shri Bhawani Multispeciality Hospital and Research Institute,,,,,Nagpur,"Shri Bhawani Mata Mandir Road, Bhandara Road, Pardi, Nagpur",440008.0,Maharastra,Local Knowledge,,,,,,,,,,,,,,,,,,,,21.15098,79.16027700000001,East
POINT (79.066661 21.100806),,hospital,,,Kherde Maternity & Nursing Home,,,,,Nagpur,"Somalvada Layout, Jai Prakash Nagar, Somalwada, Nagpur",440025.0,Maharastra,Local Knowledge,,,,,,,,,,,,,,,,,,,,21.100805500000003,79.0666607,South
POINT (79.119803 21.106478),,hospital,,hospital,Pushpachakra Hospital,,,,,Nagpur,"Hudkeshwar Road, New Neharu Nagar, Sanmarga Nagar, Nagpur",440034.0,Maharastra,Local Knowledge,,,,,,,,,,,,,,,,,,,,21.106478500000005,79.11980300000002,South
POINT (79.057005 21.115819),,hospital,,,Kalpataru Hospital,,,,,Nagpur,"Cement Road, Near Saraswat Bank, Kotwal Nagar, Pratap Nagar, Nagpur",440022.0,Maharastra,Local Knowledge,,,,,,,,,,,,,,,,,,,,21.115819,79.057005,South
POINT (79.117119 21.107587),,hospital,,hospital,Indira Hospital,,,,,Nagpur,"Ashirwad Nagar, Nagpur",440034.0,Maharastra,Local Knowledge,,,,,,,,,,,,,,,,,,,,21.107586699999995,79.1171192,South
POINT (79.120204 21.148428),,hospital,,hospital,Shri Ameya Hospital,,,,,Nagpur,"Gangabai Ghat Road, Near Telephone Exchange Square, Queta Colony, Bagadganj, Nagpur",440009.0,Maharastra,Local Knowledge,,,,,,,,,,,,,,,,,,,,21.1484275,79.1202037,Central
POINT (79.116817 21.137334),,hospital,,hospital,Narmada Ratan Taori Hospital,,,,,Nagpur,"Behind S D Hospital, 48-l, Ajamshah Layout, Ganesh Nagar, Nandanvan, Nagpur",440009.0,Maharastra,Local Knowledge,,,,,,,,,,,,,,,,,,,,21.137333999999992,79.116817,Central
POINT (79.12338 21.178166),,hospital,,,HCG NCHRI Cancer Centre,,,,,Nagpur,"Ring Road, Near Automotive Square Kalam Bande Nawaz Nagar, Binaki, Nagpur",440017.0,Maharastra,Local Knowledge,,,,,,,,,,,,,,,,,,,,21.178165499999995,79.1233803,East
POINT (79.102595 21.122916),,hospital,,hospital,Sure care Multispeciality Hospital,,,,,Nagpur,"Opposite Superspeciality Hospital, Vishvakarmanagar, Nagpur",440027.0,Maharastra,Local Knowledge,,,,,,,,,,,,,,,,,,,,21.122916,79.1025949,Central
POINT (79.133612 21.147481),,hospital,,hospital,Auro Critical Care Hospital,,,,,Nagpur,"Vaishnavi Devi Square, Deshpande Layout Road, Wardhman Nagar, Central Avenue, Babulban, Nagpur,",440008.0,Maharastra,Local Knowledge,,,,,,,,,,,,,,,,,,,,21.1474812,79.1336117,East
POINT (79.117271 21.131135),,hospital,,,Adishakti Hospital,,,,,Nagpur,"Nandanvan Road, Tiranga Chowk, Azamshah Layout, Nagpur",440009.0,Maharastra,Local Knowledge,,,,,,,,,,,,,,,,,,,,21.131135,79.1172712,Central
POINT (79.037527 21.116532),,hospital,,,Life Springs Hospital,,,,,Nagpur,"Ring Road, Parsodi, Nagpur",440022.0,Maharastra,Local Knowledge,,,,,,,,,,,,,,,,,,,,21.1165322,79.0375271,West
POINT (79.109678 21.105297),,hospital,,hospital,Omkar Nursing Home,,,,,Nagpur,"Lavkush Nagar, Manewada, Nagpur",440034.0,Maharastra,Local Knowledge,,,,,,,,,,,,,,,,,,,,21.1052967,79.1096776,South
POINT (79.131429 21.148474),,hospital,,hospital,Radiance Hospital,,,,,Nagpur,"Central Avenue, Near Pritam Bhawan, Chapry Nagar, Ambedkar Square, Nagpur",440008.0,Maharastra,Local Knowledge,,,,,,,,,,,,,,,,,,,,21.148474,79.131429,East
POINT (79.11968 21.132872),,hospital,,,Gananam Hospital,,,,,Nagpur,"Nandanvanam Kirti Nagar, Azamshah Layout, Nagpur",440009.0,Maharastra,Local Knowledge,,,,,,,,,,,,,,,,,,,,21.132872000000003,79.11968,Central
POINT (79.064347 21.118341),,hospital,,,Aparajit Orthopaedic & Maternity Nursing Home,,,,,Nagpur,"Near State Bank Of India, West High Court Road, R.P.T.S. Chowk, Surendra Nagar, Nagpur",440015.0,Maharastra,Local Knowledge,,,,,,,,,,,,,,,,,,,,21.118341,79.064347,Central
POINT (79.078408 21.089513),,hospital,,,KRIMS Hospitals,,,,,Nagpur,"Beltarodi Road, Opposite Kachore Lawn, Amar Sanjaynagar Soceity",440015.0,Maharastra,Local Knowledge,,,,,,,,,,,,,,,,,,,,21.089513200000003,79.0784084,South
POINT (79.120441 21.148033),,hospital,,hospital,Safe Hands Hospitals,,,,,Nagpur,"Gangabai Ghat Road, Telephone Exchange Square, Central Avenue, Mangalwari, Lakadganj, Nagpur",440008.0,Maharastra,Local Knowledge,,,,,,,,,,,,,,,,,,,,21.1480333,79.1204414,Central
POINT (79.05939 21.125429),,hospital,,hospital,Renuka Maternity & ENT Hospital,,,,,Nagpur,"Shraddhanand Peth Square, Abhyankar Nagar Road, Nagpur",440010.0,Maharastra,Local Knowledge,,,,,,,,,,,,,,,,,,,,21.1254292,79.0593904,Central
POINT (79.119729 21.106657),,hospital,,hospital,Shri Krupa Hospital,,,,,Nagpur,"Ram Bhau, Bus Stop, 111, Hudkeshwar Road, New Neharu Nagar, Mhalgi Nagar, Nagpur,",440034.0,Maharastra,Local Knowledge,,,,,,,,,,,,,,,,,,,,21.106656699999995,79.1197293,South
POINT (79.123308 21.147904),,hospital,,hospital,Kimmatkar Orthopaedic Hospital,,,,,Nagpur,"Chapru Nagar, Bagadganj, Nagpur",440008.0,Maharastra,Local Knowledge,,,,,,,,,,,,,,,,,,,,21.147904000000004,79.123308,Central
POINT (79.064934 21.118874),,hospital,,,Deshmukh Hospital,,,,,Nagpur,"Plot No 60, Surendra Nagar, Vivekanand Nagar, Nagpur",440015.0,Maharastra,Local Knowledge,,,,,,,,,,,,,,,,,,,,21.118874000000005,79.06493410000002,Central
POINT (79.056494 21.116954),,hospital,,,Ear Nose & Throat Hospital,,,,,Nagpur,"Pratap Nagar, Nagpur",440022.0,Maharastra,Local Knowledge,,,,,,,,,,,,,,,,,,,,21.1169542,79.0564945,West
POINT (79.068363 21.110861),,hospital,,,Naik Hospital,,,,,Nagpur,"Ring Road, Central Excise Colony, New Sneh Nagar, Nagpur",440015.0,Maharastra,Local Knowledge,,,,,,,,,,,,,,,,,,,,21.1108614,79.06836270000001,South
POINT (79.110519 21.131205),,hospital,,hospital,Shreemayi Hospital,,,,,Nagpur,"Umred Road, Reshim Bagh, Nagpur",440024.0,Maharastra,Local Knowledge,,,,,,,,,,,,,,,,,,,,21.131205,79.110519,Central
POINT (79.114044 21.128076),,hospital,,hospital,Barad Hospital,,,,,Nagpur,"Umred Road, Sakkardara Road, Azamshah Layout, Nagpur",440009.0,Maharastra,Local Knowledge,,,,,,,,,,,,,,,,,,,,21.128076,79.11404360000002,Central
POINT (79.050888 21.115427),,hospital,,,Dr. Arvind Kinge General Hospital,,,,,Nagpur,"Gopal Nagar, Gayatri Nagar, Pratap Nagar, Nagpur",440022.0,Maharastra,Local Knowledge,,,,,,,,,,,,,,,,,,,,21.1154272,79.0508885,West
POINT (79.071857 21.110765),,hospital,,,Kalpavruksha Hospital,,,,,Nagpur,"Ring Road, Pragati Colony, Chhatrapati Shivaji Square, Kanphade Nagar, Nagpur",440015.0,Maharastra,Local Knowledge,,,,,,,,,,,,,,,,,,,,21.110765,79.0718571,South
POINT (79.122457 21.143716),,hospital,,hospital,Chakole Government Hospital,,,,,Nagpur,"Bagadganj, Nagpur",440008.0,Maharastra,Local Knowledge,,,,,,,,,,,,,,,,,,,,21.1437162,79.122457,Central
POINT (79.113319 21.129294),,hospital,,hospital,Shahu Hospital,,,,,Nagpur,"Old Shukrawari Road, Sakkardara Road, Azamshah Layout, Nagpur",440009.0,Maharastra,Local Knowledge,,,,,,,,,,,,,,,,,,,,21.129294,79.113319,Central
POINT (79.123095 21.120021),,hospital,,,Jafri Hospital and Research Centre,,,,,Nagpur,"Dighori Road, Sakkardara, Harpur Nagar, Taj Bagh, Nagpur",440024.0,Maharastra,Local Knowledge,,,,,,,,,,,,,,,,,,,,21.1200212,79.1230947,East
POINT (79.138924 21.124545),,hospital,,,Anurag Multi Specialty Hospital,,,,,Nagpur,"Kharbi Road, Saibaba Nagar, Dighori, Nagpur",440009.0,Maharastra,Local Knowledge,,,,,,,,,,,,,,,,,,,,21.124545,79.138924,East
POINT (79.010109 21.15403),,hospital,,,Well Treat Multispeciality Hospital,,,,,Nagpur,"National Highway 6, Above ICICI Bank, Wadi, Nagpur",440023.0,Maharastra,Local Knowledge,,,,,,,,,,,,,,,,,,,,21.15403,79.01010900000001,West
POINT (79.042627 21.114541),,hospital,,,Shri Swami Samarth Hospital,,,,,Nagpur,"Ring Road, Opposite NIT Garden, Near State Bank, Subhash Nagar, Trimurtee Nagar, Nagpur",440022.0,Maharastra,Local Knowledge,,,,,,,,,,,,,,,,,,,,21.1145409,79.0426266,West
POINT (79.07665 21.090941),,hospital,,,Utkarsha Nursing Home,,,,,Nagpur,"Jai Hind Society Near Kachore Lawn, Manish Nagar, Besa-Beltarodi Road, Nagpur",440015.0,Maharastra,Local Knowledge,,,,,,,,,,,,,,,,,,,,21.0909407,79.07665,South
POINT (79.112931 21.149146),,hospital,,hospital,Gandhi Nursing Home and Cocoon Test Tube Baby Centre,,,,,Nagpur,"Central Avenue, Darodkar Square, Nagpur",440032.0,Maharastra,Local Knowledge,,,,,,,,,,,,,,,,,,,,21.1491465,79.1129312,Central
POINT (79.120716 21.13905),,hospital,,hospital,Santaji Hospital,,,,,Nagpur,"KDK College Road, Rajendra Nagar, Nandanvan, Nagpur",440009.0,Maharastra,Local Knowledge,,,,,,,,,,,,,,,,,,,,21.139050299999997,79.1207165,Central
POINT (79.12688 21.117059),,hospital,,hospital,Samarpan Nursing Home,,,,,Nagpur,"MH MSH 9, Taj Bagh, Nagpur",440024.0,Maharastra,Local Knowledge,,,,,,,,,,,,,,,,,,,,21.117059,79.1268798,East
POINT (79.129292 21.170562),,hospital,,,Sartaj Hospital,,,,,Nagpur,"Binaki, Phukatnagar, Nagpur",440017.0,Maharastra,Local Knowledge,,,,,,,,,,,,,,,,,,,,21.1705617,79.1292917,East
POINT (79.116421 21.138248),,hospital,,hospital,S D Hospital,,,,,Nagpur,"Rokade Bhawan, Near SD Hospital Road, Ganesh Nagar, Azamshah Layout, Nagpur",440009.0,Maharastra,Local Knowledge,,,,,,,,,,,,,,,,,,,,21.138248,79.1164206,Central
POINT (79.119191 21.152789),,hospital,,hospital,Om Multispeciality Hospital,,,,,Nagpur,"Plot Number 96A, Queta Colony, Lakadganj, Nagpur",440008.0,Maharastra,Local Knowledge,,,,,,,,,,,,,,,,,,,,21.152789,79.1191913,Central
POINT (79.117298 21.12538),,hospital,,hospital,Bhelonde Child Hospital & Multispeciality Hospital,,,,,Nagpur,"1st Floor, Jameela Arcade, Gadchiroli - Nagpur Highway, Sakkardara, Nagpur",440009.0,Maharastra,Local Knowledge,,,,,,,,,,,,,,,,,,,,21.12538,79.117298,Central
POINT (79.064862 21.118242),,hospital,,,Vedansha Hospital,,,,,Nagpur,"30, W High Ct Road, Surendra Nagar, Vivekanand Nagar, Nagpur",440015.0,Maharastra,Local Knowledge,,,,,,,,,,,,,,,,,,,,21.118241699999995,79.0648616,Central
POINT (79.038361 21.116194),,hospital,,,Mrutyunjai Hospital,,,,,Nagpur,"Ring Road, Parsodi, Trimurtee Nagar, Nagpur",440022.0,Maharastra,Local Knowledge,,,,,,,,,,,,,,,,,,,,21.116194,79.03836100000001,West
POINT (79.117842 21.130671),,hospital,,,Abhiyog Hospital,,,,,Nagpur,"Plot No.481, Sakkdara, Police Station Road, Tiranga Square, Nagpur",440009.0,Maharastra,Local Knowledge,,,,,,,,,,,,,,,,,,,,21.130671199999995,79.1178421,Central
POINT (79.114003 21.128022),,hospital,,,Mogre Children Hospital,,,,,Nagpur,"Tajshree Govind,1st&2 nd Floor,Nagpur",440024.0,Maharashtra,Local Knowledge,,,,,,,,,,,,,,,,,,,,21.128022099999995,79.1140026,Central
POINT (79.105162 21.189091),,hospital,,,Hope Hospital,,,,,Nagpur,"Teka Naka, Nagpur",440012.0,Maharashtra,Local Knowledge,,,,,,,,,,,,,,,,,,,,21.18909100000001,79.105162,North
POINT (79.066021 21.146077),,hospital,,,Ganga Care Hospital Limited,,,,,Nagpur,"34/2, Gorepeth, Nagpur",440010.0,Maharashtra,Local Knowledge,,,,,,,,,,,,,,,,,,,,21.1460772,79.0660212,Central
POINT (79.121884 21.151506),,hospital,,,NewEra Hospital,,,,,Nagpur,"Queta Colony, Lakadganj, Nagpur",440008.0,Maharashtra,Local Knowledge,,,,,,,,,,,,,,,,,,,,21.1515056,79.1218843,Central
POINT (79.042767 21.120439),,hospital,yes,hospital,Viveka Hospital,,cardiology;neurology;orthopaedics;surgery;general,Nagpur,Subhash Nagar,Nagpur,"Subhash Nagar, Nagpur, Maharashtra- 440022",440022.0,Maharashtra,Local Knowledge,1A,,,,,,,,,,,,,7447441468,,,,,,21.1204386,79.0427671,West
POINT (79.091355 21.190499),,hospital,,,Lifeline hospital,,,,,Nagpur,"Shambhu Nagar, Nagpur",440014.0,Maharashtra,Local Knowledge,,,,,,,,,,,,,,,,,,,,21.190499,79.0913554,North
POINT (79.056473 21.114282),,hospital,,hospital,,,,,,,,,,,,,,,,,,,,,,,,,,,,,,21.1142819,79.0564727,South
POINT (79.093883 21.128164),,hospital,,,,,,,Medical Square,,,440003.0,,,16,,,,,Aureus Institute of Medical Science,,,24/7,,,,,,,,,,,21.1281645,79.0938826,Central
POINT (79.08116 21.108128),,hospital,,hospital,Suyog Hospital,,orthopaedics,Nagpur,"Chatrapati Square, Narendra Nagar, Suyog Nagar",,,440015.0,,,"Plot No 67, behind Indrayani TVS",,,,,,,,,,,,,,,,,,,21.10812779999999,79.0811599,South
POINT (79.06266 21.075312),,hospital,,hospital,PROPOSED SITE,,,,,,,,,,,,,,,,,,,,,,,,,,,,,21.075312499999995,79.0626595,South
POINT (79.078611 21.196507),,hospital,,hospital,Remedia Hospital,,,,,,,,,,,,,,,,,,,,,,,,,,,,,21.196506900000003,79.0786109,North
POINT (79.11313 21.1048),,hospital,,,Tambe Hospital,,gynaecology,,,,,,,,,,,,,,,,,,,,,,,,,,,21.104800099999995,79.1131296,South
POINT (79.111156 21.123597),,hospital,,,Dr. Sunil V. Bajaj,,paediatrics,,,,,,,,,,,,,,,,,,,,,,,,,,,21.1235966,79.1111558,Central
POINT (79.084823 21.154599),,hospital,,hospital,Kingsway Hospital,,general,,KP Ground,,,,,,,,,,,,,,,,,,,,,,,,,21.1545986,79.0848229,Central
POINT (79.101922 21.101463),,hospital,,hospital,Medinine Hospital,,,,,,,,,,,,,,,,,,,,,,,,,"ortho, medicine, gynac",,,,21.1014632,79.1019221,South
POINT (79.065512 21.10336),,hospital,,hospital,Arogyam Superspeciality Hospital,,,,,,,,,,,,,,,,,,,,,,,,,,,,,21.103359500000007,79.0655119,South
"POLYGON ((79.096957 21.129891, 79.097056 21.129908, 79.097931 21.129776, 79.098052 21.129698, 79.098536 21.128935, 79.098596 21.128723, 79.098363 21.125933, 79.098231 21.125868, 79.096935 21.125952, 79.096856 21.125957, 79.09579 21.126026, 79.095696 21.126093, 79.096212 21.12921, 79.096311 21.129331, 79.096957 21.129891))",,hospital,yes,hospital,Nagpur Government Hospital,,,,,,,,,,,,,,,,,,,,,,,,,,,,,21.12775537654057,79.09723255337403,Central
"POLYGON ((79.104318 21.119962, 79.104561 21.119941, 79.104547 21.119791, 79.104303 21.119812, 79.104318 21.119962))",,hospital,,hospital,KMG Hospital,,,,,,,,,,,,,,,,,,,,,,,,,,,,,21.11987670003235,79.10443214999896,Central
"POLYGON ((79.104597 21.122779, 79.10478 21.122778, 79.104788 21.12265, 79.104603 21.122645, 79.104597 21.122779))",,hospital,,hospital,Niyakshi Hospital,,,,,,,,,,,,,,,,,,,,,,,,,,,,,21.12271291182708,79.10469115119461,Central
"POLYGON ((79.079221 21.186061, 79.079817 21.186064, 79.079789 21.185329, 79.079204 21.18533, 79.079209 21.185575, 79.079214 21.185766, 79.079221 21.186061))",,hospital,,,ALEXIS MULTISPECIALITY HOSPITAL PVT. LTD.,,,Nagpur,Koradi Road,,,440030.0,,,"232, Mankapur",,,,,,,,,,,,,,,,,,,21.185697253664895,79.07950789995813,North
"POLYGON ((79.078118 21.175766, 79.078807 21.175916, 79.078941 21.175426, 79.078855 21.175341, 79.078233 21.175236, 79.078118 21.175766))",,hospital,,,Mental Hospital,,,Nagpur,Rajnagar,,,,,,,,,,,,,,,,,,,,,,,,,21.175569677712943,79.07852991779859,Central
"POLYGON ((79.119783 21.140114, 79.120047 21.140109, 79.12002 21.139125, 79.120211 21.139115, 79.120208 21.138805, 79.119961 21.13883, 79.119972 21.13901, 79.119784 21.139015, 79.119783 21.140114))",,hospital,,hospital,SevenStar Hospital,,,Nagpur,Jagnade Square,,,,,,,,,,,,,,,,,,,0712-6699888,,,http://sevenstarhospitals.com/,,,21.139451092179,79.11994573497702,Central
"POLYGON ((79.054086 21.132125, 79.054025 21.132218, 79.054208 21.132323, 79.05427 21.13223, 79.054086 21.132125))",,hospital,,,Wockhardt Heart Hospital,,,,,Nagpur,"27, Corporation Colony, North Ambazari Road",440033.0,Maharashtra,OpenGovernmentData,,,https://nagpur1.wockhardthospitals.com/,,,,,,,,,,,,,,,hospital,,21.13222383386513,79.05414736057921,Central
"POLYGON ((79.06116 21.128495, 79.061223 21.128571, 79.061098 21.128661, 79.06117 21.128749, 79.061296 21.128659, 79.061449 21.128845, 79.061643 21.128706, 79.061581 21.128632, 79.061609 21.128611, 79.061634 21.128641, 79.061687 21.128603, 79.061585 21.12848, 79.061423 21.128596, 79.061273 21.128414, 79.06116 21.128495))",,hospital,,hospital,Central India Institute Of Medical Sciences,,,,,Nagpur,"88/2, Bajaj Nagar",440010.0,Maharashtra,OpenGovernmentData,,,,,,CIIMS Hospital,,,,,,,,,,,,hospital,2.0,21.12863009758924,79.06139747954776,Central
"POLYGON ((79.096548 21.12681, 79.096641 21.126806, 79.096638 21.126744, 79.09753 21.126686, 79.097534 21.126716, 79.097638 21.126709, 79.097631 21.126586, 79.097576 21.126586, 79.097569 21.126439, 79.097616 21.126439, 79.09761 21.126262, 79.097548 21.126261, 79.097542 21.126102, 79.09759 21.1261, 79.097586 21.125961, 79.097478 21.125964, 79.09748 21.126014, 79.097163 21.126032, 79.097092 21.126033, 79.097074 21.125866, 79.096927 21.125878, 79.096935 21.125952, 79.096856 21.125957, 79.096866 21.126054, 79.096564 21.126073, 79.096557 21.126045, 79.096469 21.126047, 79.096478 21.12619, 79.096574 21.126185, 79.096608 21.126636, 79.096511 21.126646, 79.096512 21.126703, 79.096516 21.126777, 79.096547 21.126777, 79.096548 21.12681))",,hospital,,hospital,GMC building,,,,,,,,,,,,,,,,,,,,,,,,,,,,,21.126360833390947,79.09706793307173,Central
"POLYGON ((79.064414 21.075562, 79.061816 21.07674, 79.061248 21.075711, 79.061134 21.075298, 79.061092 21.075025, 79.061078 21.07493, 79.063526 21.074057, 79.064414 21.075562))",,hospital,,hospital,PROPOSED SITE,,,,,,,,,,,,,,,,,,,,,,,,,,,,,21.075358046852653,79.06265236498331,South
"POLYGON ((79.077244 21.134654, 79.077412 21.134708, 79.077496 21.134508, 79.077325 21.134445, 79.077244 21.134654))",,hospital,,hospital,Darda Hospital & Maternity Home,,gynaecology;general,,,,,,,,,,,,,,,,,,,,,,,,,,,21.134578043483977,79.07736910415467,Central
"POLYGON ((79.099086 21.149928, 79.09906 21.149527, 79.099562 21.149498, 79.099588 21.1499, 79.099086 21.149928))",,hospital,yes,hospital,Harishchandra Healthcare Pvt Ltd,,,Nagpur,,,,,,,,,,,,,,,,,,,,,,,,,,21.149713474078577,79.09932421033834,Central
"POLYGON ((79.1136 21.1276, 79.113407 21.127528, 79.113395 21.127175, 79.113646 21.12718, 79.113879 21.12738, 79.1136 21.1276))",,hospital,,hospital,,,,,,,,,,,,,,,,,,,,,,,,,,,,,,21.12737247182749,79.11358956895168,Central
"POLYGON ((79.114045 21.127019, 79.113593 21.127026, 79.113594 21.126973, 79.113503 21.12697, 79.1135 21.126639, 79.113414 21.126632, 79.113402 21.126449, 79.114074 21.12646, 79.114045 21.127019))",,hospital,,hospital,,,,,,,,,,,,,,,,,,,,,,,,,,,,,,21.12672224288349,79.11376560627762,Central
"POLYGON ((79.108239 21.136121, 79.10824 21.136068, 79.108104 21.136067, 79.108104 21.13612, 79.108239 21.136121))",,hospital,,hospital,Shree Multispecialtiy Hospital,,general,,,,,,,,,,,,,,,,,,,,,,,,,,,21.136093875170385,79.10817182130634,Central
"POLYGON ((79.100639 21.133968, 79.100713 21.133897, 79.100808 21.133966, 79.100722 21.134042, 79.100639 21.133968))",,hospital,,hospital,,,,Nagpur,,,,440003.0,,,,,,,,,,,,,,,,,,,,,,21.133968907864947,79.10072152955273,Central
"POLYGON ((79.108261 21.136008, 79.108263 21.135906, 79.108092 21.135903, 79.10809 21.136005, 79.108261 21.136008))",,hospital,,hospital,Gastrologist and Liver Diseases,,,Nagpur,Reshimbagh Rd,,,440009.0,,,,,,,,,,,,,,,,,,,,,,21.13595536964519,79.1081765614431,Central
